experiment,path_family,session_id,trial,pair_id,cycle_index,state_index,branch,state_label,path_label,d_target_mm,F_N,d_mm,local_zone_id,model,model_family,F_pred_N,d_pred_mm,F_error_N,d_error_mm
6.1 local held-out dense-loop validation,local_minor_loop_dense,session_20260615_160438,1,1,1,1,loading,loading_d_305,direct_loading,3.05,6.3147,3.04,d300_F490,plain_magnetic_mlp,plain magnetic,3.766466395801384,2.6978726414110823,-2.548233604198616,-0.34212735858891774
6.1 local held-out dense-loop validation,local_minor_loop_dense,session_20260615_160438,1,1,1,2,loading,loading_d_315,direct_loading,3.15,7.1022,3.14,d320_F490,plain_magnetic_mlp,plain magnetic,4.951801992661034,2.787520922127402,-2.150398007338966,-0.3524790778725979
6.1 local held-out dense-loop validation,local_minor_loop_dense,session_20260615_160438,1,1,1,3,loading,loading_d_325,direct_loading,3.25,7.8692,3.24,d320_F490,plain_magnetic_mlp,plain magnetic,5.9230460022665845,2.962051650476337,-1.9461539977334157,-0.2779483495236632
6.1 local held-out dense-loop validation,local_minor_loop_dense,session_20260615_160438,1,1,1,4,loading,loading_d_335,direct_loading,3.35,8.7059,3.35,d340_F490,plain_magnetic_mlp,plain magnetic,5.076950738466696,3.0581442580100306,-3.628949261533304,-0.29185574198996944
6.1 local held-out dense-loop validation,local_minor_loop_dense,session_20260615_160438,1,1,1,5,loading,loading_d_345,direct_loading,3.45,9.6121,3.44,d340_F490,plain_magnetic_mlp,plain magnetic,5.378894329459911,3.1086141310916826,-4.233205670540089,-0.33138586890831734
6.1 local held-out dense-loop validation,local_minor_loop_dense,session_20260615_160438,1,1,1,6,loading,loading_d_355,direct_loading,3.55,10.6078,3.54,d360_F490,plain_magnetic_mlp,plain magnetic,6.630442359824027,3.1765652201658794,-3.9773576401759723,-0.36343477983412065
6.1 local held-out dense-loop validation,local_minor_loop_dense,session_20260615_160438,1,1,1,7,preload,preload_d_380,preload_deep,3.8,13.2145,3.79,d360_F490,plain_magnetic_mlp,plain magnetic,13.939477377776015,3.449928327762805,0.7249773777760158,-0.34007167223719525
6.1 local held-out dense-loop validation,local_minor_loop_dense,session_20260615_160438,1,1,1,8,unloading,unloading_d_355,return_unloading,3.55,8.5755,3.54,d360_F490,plain_magnetic_mlp,plain magnetic,7.28264729348652,3.2647801633913156,-1.2928527065134796,-0.27521983660868443
6.1 local held-out dense-loop validation,local_minor_loop_dense,session_20260615_160438,1,1,1,9,unloading,unloading_d_345,return_unloading,3.45,7.0798,3.42,d340_F490,plain_magnetic_mlp,plain magnetic,3.7742546394958865,3.1425294003693356,-3.305545360504113,-0.27747059963066434
6.1 local held-out dense-loop validation,local_minor_loop_dense,session_20260615_160438,1,1,1,10,unloading,unloading_d_335,return_unloading,3.35,6.3714,3.35,d340_F490,plain_magnetic_mlp,plain magnetic,2.932270414149258,3.0970915867190274,-3.4391295858507425,-0.2529084132809727
6.1 local held-out dense-loop validation,local_minor_loop_dense,session_20260615_160438,1,1,1,11,unloading,unloading_d_325,return_unloading,3.25,5.4069,3.22,d320_F490,plain_magnetic_mlp,plain magnetic,4.6269313222642054,3.075848076677558,-0.7799686777357948,-0.14415192332244198
6.1 local held-out dense-loop validation,local_minor_loop_dense,session_20260615_160438,1,1,1,12,unloading,unloading_d_315,return_unloading,3.15,4.8843,3.14,d320_F490,plain_magnetic_mlp,plain magnetic,5.051311059022822,3.0551224129905936,0.16701105902282265,-0.08487758700940651
6.1 local held-out dense-loop validation,local_minor_loop_dense,session_20260615_160438,1,1,1,13,unloading,unloading_d_305,return_unloading,3.05,4.1544,3.02,d300_F430,plain_magnetic_mlp,plain magnetic,5.479217280496975,3.0694059196761723,1.3248172804969753,0.04940591967617225
6.1 local held-out dense-loop validation,local_minor_loop_dense,session_20260615_160438,2,2,2,1,loading,loading_d_305,direct_loading,3.05,7.3673,3.04,d300_F490,plain_magnetic_mlp,plain magnetic,4.99595872577806,2.693226052413388,-2.3713412742219404,-0.34677394758661206
6.1 local held-out dense-loop validation,local_minor_loop_dense,session_20260615_160438,2,2,2,2,loading,loading_d_315,direct_loading,3.15,8.34,3.15,d320_F490,plain_magnetic_mlp,plain magnetic,5.68164466026459,2.8709470822907126,-2.65835533973541,-0.2790529177092873
6.1 local held-out dense-loop validation,local_minor_loop_dense,session_20260615_160438,2,2,2,3,loading,loading_d_325,direct_loading,3.25,9.2605,3.24,d320_F490,plain_magnetic_mlp,plain magnetic,6.311892460538623,2.9362283143491754,-2.9486075394613778,-0.3037716856508248
6.1 local held-out dense-loop validation,local_minor_loop_dense,session_20260615_160438,2,2,2,4,loading,loading_d_335,direct_loading,3.35,10.2593,3.34,d340_F490,plain_magnetic_mlp,plain magnetic,7.478399732167665,3.0116461630410445,-2.780900267832335,-0.32835383695895537
6.1 local held-out dense-loop validation,local_minor_loop_dense,session_20260615_160438,2,2,2,5,loading,loading_d_345,direct_loading,3.45,11.3413,3.44,d340_F490,plain_magnetic_mlp,plain magnetic,8.653960832573402,3.0824872203124314,-2.6873391674265985,-0.35751277968756856
6.1 local held-out dense-loop validation,local_minor_loop_dense,session_20260615_160438,2,2,2,6,loading,loading_d_355,direct_loading,3.55,12.528,3.54,d360_F490,plain_magnetic_mlp,plain magnetic,10.300397082585695,3.1655164474974566,-2.2276029174143055,-0.3744835525025434
6.1 local held-out dense-loop validation,local_minor_loop_dense,session_20260615_160438,2,2,2,7,preload,preload_d_380,preload_deep,3.8,15.6268,3.78,d360_F490,plain_magnetic_mlp,plain magnetic,18.783106974622456,3.417292120395869,3.1563069746224564,-0.36270787960413076
6.1 local held-out dense-loop validation,local_minor_loop_dense,session_20260615_160438,2,2,2,8,unloading,unloading_d_355,return_unloading,3.55,10.2663,3.54,d360_F490,plain_magnetic_mlp,plain magnetic,10.696315278338274,3.213068302226955,0.43001527833827424,-0.3269316977730452
6.1 local held-out dense-loop validation,local_minor_loop_dense,session_20260615_160438,2,2,2,9,unloading,unloading_d_345,return_unloading,3.45,8.5005,3.42,d340_F490,plain_magnetic_mlp,plain magnetic,7.414171392807588,3.112428253914165,-1.0863286071924128,-0.3075717460858347
6.1 local held-out dense-loop validation,local_minor_loop_dense,session_20260615_160438,2,2,2,10,unloading,unloading_d_335,return_unloading,3.35,7.6266,3.34,d340_F490,plain_magnetic_mlp,plain magnetic,6.632120556638049,3.060682830062381,-0.9944794433619508,-0.2793171699376189
6.1 local held-out dense-loop validation,local_minor_loop_dense,session_20260615_160438,2,2,2,11,unloading,unloading_d_325,return_unloading,3.25,6.4625,3.23,d320_F490,plain_magnetic_mlp,plain magnetic,4.8992086923073925,2.966674442398636,-1.5632913076926078,-0.2633255576013638
6.1 local held-out dense-loop validation,local_minor_loop_dense,session_20260615_160438,2,2,2,12,unloading,unloading_d_315,return_unloading,3.15,5.5017,3.11,d320_F490,plain_magnetic_mlp,plain magnetic,4.984918033201631,2.9045430245971042,-0.5167819667983684,-0.20545697540289565
6.1 local held-out dense-loop validation,local_minor_loop_dense,session_20260615_160438,2,2,2,13,unloading,unloading_d_305,return_unloading,3.05,4.9789,3.02,d300_F490,plain_magnetic_mlp,plain magnetic,5.639202823566867,2.8816845062006036,0.6603028235668669,-0.13831549379939645
6.1 local held-out dense-loop validation,local_minor_loop_dense,session_20260615_160438,3,3,3,1,loading,loading_d_305,direct_loading,3.05,7.7112,3.05,d300_F490,plain_magnetic_mlp,plain magnetic,5.733760793422391,2.840121409046453,-1.9774392065776087,-0.20987859095354677
6.1 local held-out dense-loop validation,local_minor_loop_dense,session_20260615_160438,3,3,3,2,loading,loading_d_315,direct_loading,3.15,8.7281,3.15,d320_F490,plain_magnetic_mlp,plain magnetic,5.644798986812722,2.912508644902655,-3.0833010131872776,-0.23749135509734476
6.1 local held-out dense-loop validation,local_minor_loop_dense,session_20260615_160438,3,3,3,3,loading,loading_d_325,direct_loading,3.25,9.6944,3.24,d320_F490,plain_magnetic_mlp,plain magnetic,6.836044557177496,2.9894545875997722,-2.8583554428225035,-0.250545412400228
6.1 local held-out dense-loop validation,local_minor_loop_dense,session_20260615_160438,3,3,3,4,loading,loading_d_335,direct_loading,3.35,10.7525,3.34,d340_F490,plain_magnetic_mlp,plain magnetic,7.808975937077589,3.061884966780426,-2.9435240629224104,-0.27811503321957387
6.1 local held-out dense-loop validation,local_minor_loop_dense,session_20260615_160438,3,3,3,5,loading,loading_d_345,direct_loading,3.45,11.8863,3.44,d340_F490,plain_magnetic_mlp,plain magnetic,9.064285168586297,3.1364795916644685,-2.8220148314137035,-0.3035204083355314
6.1 local held-out dense-loop validation,local_minor_loop_dense,session_20260615_160438,3,3,3,6,loading,loading_d_355,direct_loading,3.55,13.1306,3.55,d360_F490,plain_magnetic_mlp,plain magnetic,11.100060829936691,3.2105148586805905,-2.0305391700633084,-0.3394851413194093
6.1 local held-out dense-loop validation,local_minor_loop_dense,session_20260615_160438,3,3,3,7,preload,preload_d_380,preload_deep,3.8,16.4662,3.78,d360_F490,plain_magnetic_mlp,plain magnetic,21.102544075335814,3.4933888046579997,4.636344075335813,-0.2866111953420001
6.1 local held-out dense-loop validation,local_minor_loop_dense,session_20260615_160438,3,3,3,8,unloading,unloading_d_355,return_unloading,3.55,10.0612,3.5,d340_F490,plain_magnetic_mlp,plain magnetic,11.18541576715716,3.242493582779591,1.1242157671571604,-0.2575064172204091
6.1 local held-out dense-loop validation,local_minor_loop_dense,session_20260615_160438,3,3,3,9,unloading,unloading_d_345,return_unloading,3.45,8.96305,3.42,d340_F490,plain_magnetic_mlp,plain magnetic,8.445674680474323,3.168013260047938,-0.5173753195256783,-0.2519867399520619
6.1 local held-out dense-loop validation,local_minor_loop_dense,session_20260615_160438,3,3,3,10,unloading,unloading_d_335,return_unloading,3.35,8.0636,3.34,d340_F490,plain_magnetic_mlp,plain magnetic,7.110477402159216,3.1116370430944786,-0.9531225978407836,-0.22836295690552122
6.1 local held-out dense-loop validation,local_minor_loop_dense,session_20260615_160438,3,3,3,11,unloading,unloading_d_325,return_unloading,3.25,6.8147,3.22,d320_F490,plain_magnetic_mlp,plain magnetic,5.651825801621575,3.0203517374888516,-1.1628741983784252,-0.19964826251114864
6.1 local held-out dense-loop validation,local_minor_loop_dense,session_20260615_160438,3,3,3,12,unloading,unloading_d_315,return_unloading,3.15,6.1744,3.15,d320_F490,plain_magnetic_mlp,plain magnetic,4.5408568743299655,2.9636525281451127,-1.6335431256700348,-0.1863474718548872
6.1 local held-out dense-loop validation,local_minor_loop_dense,session_20260615_160438,3,3,3,13,unloading,unloading_d_305,return_unloading,3.05,5.2664,3.02,d300_F490,plain_magnetic_mlp,plain magnetic,5.269185127108121,2.9096423287902944,0.002785127108120733,-0.11035767120970563
6.1 local held-out dense-loop validation,local_minor_loop_dense,session_20260618_161152,1,1,1,1,loading,loading_d_305,direct_loading,3.05,8.0729,3.04,d300_F490,plain_magnetic_mlp,plain magnetic,6.212949162667964,3.033641453886204,-1.859950837332037,-0.006358546113796049
6.1 local held-out dense-loop validation,local_minor_loop_dense,session_20260618_161152,1,1,1,2,loading,loading_d_315,direct_loading,3.15,9.0893,3.13,d320_F490,plain_magnetic_mlp,plain magnetic,7.06042211324699,3.120510685815532,-2.0288778867530093,-0.009489314184468078
6.1 local held-out dense-loop validation,local_minor_loop_dense,session_20260618_161152,1,1,1,3,loading,loading_d_325,direct_loading,3.25,10.073,3.23,d320_F490,plain_magnetic_mlp,plain magnetic,8.47248259370745,3.2283937511180176,-1.6005174062925498,-0.0016062488819823528
6.1 local held-out dense-loop validation,local_minor_loop_dense,session_20260618_161152,1,1,1,4,loading,loading_d_335,direct_loading,3.35,11.1511,3.33,d340_F490,plain_magnetic_mlp,plain magnetic,9.609147592824698,3.328580840040881,-1.5419524071753017,-0.0014191599591191206
6.1 local held-out dense-loop validation,local_minor_loop_dense,session_20260618_161152,1,1,1,5,loading,loading_d_345,direct_loading,3.45,12.327,3.43,d340_F490,plain_magnetic_mlp,plain magnetic,11.18303719628581,3.445128895130708,-1.1439628037141905,0.015128895130708031
6.1 local held-out dense-loop validation,local_minor_loop_dense,session_20260618_161152,1,1,1,6,loading,loading_d_355,direct_loading,3.55,13.609,3.54,d360_F490,plain_magnetic_mlp,plain magnetic,12.384237466879494,3.5533870940290853,-1.224762533120506,0.013387094029085223
6.1 local held-out dense-loop validation,local_minor_loop_dense,session_20260618_161152,1,1,1,7,preload,preload_d_380,preload_deep,3.8,17.0618,3.79,d360_F490,plain_magnetic_mlp,plain magnetic,16.637295122174944,3.8062631594994234,-0.42450487782505775,0.016263159499423363
6.1 local held-out dense-loop validation,local_minor_loop_dense,session_20260618_161152,1,1,1,8,unloading,unloading_d_355,return_unloading,3.55,11.2848,3.56,d360_F490,plain_magnetic_mlp,plain magnetic,10.900705374923753,3.5687318904615033,-0.3840946250762478,0.008731890461503244
6.1 local held-out dense-loop validation,local_minor_loop_dense,session_20260618_161152,1,1,1,9,unloading,unloading_d_345,return_unloading,3.45,9.3161,3.41,d340_F490,plain_magnetic_mlp,plain magnetic,8.786013390445516,3.4408957232500303,-0.5300866095544841,0.030895723250030205
6.1 local held-out dense-loop validation,local_minor_loop_dense,session_20260618_161152,1,1,1,10,unloading,unloading_d_335,return_unloading,3.35,8.3881,3.35,d340_F490,plain_magnetic_mlp,plain magnetic,7.690681661520742,3.3587250195946745,-0.6974183384792578,0.008725019594674421
6.1 local held-out dense-loop validation,local_minor_loop_dense,session_20260618_161152,1,1,1,11,unloading,unloading_d_325,return_unloading,3.25,7.5869,3.27,d320_F490,plain_magnetic_mlp,plain magnetic,6.429080023041128,3.2704566317963684,-1.157819976958872,0.0004566317963683453
6.1 local held-out dense-loop validation,local_minor_loop_dense,session_20260618_161152,1,1,1,12,unloading,unloading_d_315,return_unloading,3.15,6.4348,3.15,d320_F490,plain_magnetic_mlp,plain magnetic,5.243490628278348,3.1443569268672698,-1.191309371721652,-0.005643073132730159
6.1 local held-out dense-loop validation,local_minor_loop_dense,session_20260618_161152,1,1,1,13,unloading,unloading_d_305,return_unloading,3.05,5.4865,3.02,d300_F490,plain_magnetic_mlp,plain magnetic,3.6024732772734556,3.0120499153267897,-1.8840267227265448,-0.007950084673210345
6.1 local held-out dense-loop validation,local_minor_loop_dense,session_20260618_161152,2,2,2,1,loading,loading_d_305,direct_loading,3.05,8.1799,3.05,d300_F490,plain_magnetic_mlp,plain magnetic,7.786478215968979,3.019505789541478,-0.39342178403102057,-0.030494210458521742
6.1 local held-out dense-loop validation,local_minor_loop_dense,session_20260618_161152,2,2,2,2,loading,loading_d_315,direct_loading,3.15,9.2292,3.14,d320_F490,plain_magnetic_mlp,plain magnetic,8.619566278594423,3.1066016606761533,-0.6096337214055776,-0.03339833932384684
6.1 local held-out dense-loop validation,local_minor_loop_dense,session_20260618_161152,2,2,2,3,loading,loading_d_325,direct_loading,3.25,10.2405,3.24,d320_F490,plain_magnetic_mlp,plain magnetic,9.83638400138988,3.211968183629367,-0.4041159986101217,-0.028031816370633234
6.1 local held-out dense-loop validation,local_minor_loop_dense,session_20260618_161152,2,2,2,4,loading,loading_d_335,direct_loading,3.35,11.3619,3.34,d340_F490,plain_magnetic_mlp,plain magnetic,10.820526034678199,3.3106742232702455,-0.5413739653218013,-0.029325776729754338
6.1 local held-out dense-loop validation,local_minor_loop_dense,session_20260618_161152,2,2,2,5,loading,loading_d_345,direct_loading,3.45,12.5758,3.42,d340_F490,plain_magnetic_mlp,plain magnetic,12.338305250843025,3.4244333940983918,-0.23749474915697455,0.00443339409839183
6.1 local held-out dense-loop validation,local_minor_loop_dense,session_20260618_161152,2,2,2,6,loading,loading_d_355,direct_loading,3.55,13.9219,3.55,d360_F490,plain_magnetic_mlp,plain magnetic,13.544630952733943,3.530328553111951,-0.3772690472660578,-0.019671446888049005
6.1 local held-out dense-loop validation,local_minor_loop_dense,session_20260618_161152,2,2,2,7,preload,preload_d_380,preload_deep,3.8,17.5658,3.78,d360_F490,plain_magnetic_mlp,plain magnetic,17.451638370012542,3.7720185220759292,-0.11416162998745705,-0.007981477924070557
6.1 local held-out dense-loop validation,local_minor_loop_dense,session_20260618_161152,2,2,2,8,unloading,unloading_d_355,return_unloading,3.55,10.7954,3.51,d360_F490,plain_magnetic_mlp,plain magnetic,10.913235008589321,3.4930918167121097,0.11783500858932072,-0.01690818328789012
6.1 local held-out dense-loop validation,local_minor_loop_dense,session_20260618_161152,2,2,2,9,unloading,unloading_d_345,return_unloading,3.45,9.585,3.42,d340_F490,plain_magnetic_mlp,plain magnetic,9.431825842718744,3.4077123703012684,-0.15317415728125638,-0.01228762969873154
6.1 local held-out dense-loop validation,local_minor_loop_dense,session_20260618_161152,2,2,2,10,unloading,unloading_d_335,return_unloading,3.35,8.6365,3.34,d340_F490,plain_magnetic_mlp,plain magnetic,8.477694948832754,3.328403515248929,-0.15880505116724564,-0.01159648475107078
6.1 local held-out dense-loop validation,local_minor_loop_dense,session_20260618_161152,2,2,2,11,unloading,unloading_d_325,return_unloading,3.25,7.3095,3.22,d320_F490,plain_magnetic_mlp,plain magnetic,6.80228523628191,3.1863624648553857,-0.5072147637180899,-0.03363753514461454
6.1 local held-out dense-loop validation,local_minor_loop_dense,session_20260618_161152,2,2,2,12,unloading,unloading_d_315,return_unloading,3.15,6.5977,3.14,d320_F490,plain_magnetic_mlp,plain magnetic,5.980544536393506,3.1116488232121795,-0.617155463606494,-0.02835117678782062
6.1 local held-out dense-loop validation,local_minor_loop_dense,session_20260618_161152,2,2,2,13,unloading,unloading_d_305,return_unloading,3.05,5.6329,3.03,d300_F490,plain_magnetic_mlp,plain magnetic,4.68642317634172,2.986818071299676,-0.9464768236582799,-0.04318192870032389
6.1 local held-out dense-loop validation,local_minor_loop_dense,session_20260618_161152,3,3,3,1,loading,loading_d_305,direct_loading,3.05,8.743,3.03,d300_F490,plain_magnetic_mlp,plain magnetic,8.013535420038474,3.044587894340516,-0.729464579961526,0.014587894340515994
6.1 local held-out dense-loop validation,local_minor_loop_dense,session_20260618_161152,3,3,3,2,loading,loading_d_315,direct_loading,3.15,9.8627,3.13,d320_F490,plain_magnetic_mlp,plain magnetic,9.150113510637093,3.1412612162071554,-0.7125864893629075,0.011261216207155478
6.1 local held-out dense-loop validation,local_minor_loop_dense,session_20260618_161152,3,3,3,3,loading,loading_d_325,direct_loading,3.25,10.9614,3.23,d320_F490,plain_magnetic_mlp,plain magnetic,10.126380051197089,3.240035050541522,-0.8350199488029109,0.010035050541521873
6.1 local held-out dense-loop validation,local_minor_loop_dense,session_20260618_161152,3,3,3,4,loading,loading_d_335,direct_loading,3.35,12.1494,3.33,d340_F490,plain_magnetic_mlp,plain magnetic,11.47420027413401,3.34993109674693,-0.6751997258659905,0.019931096746929722
6.1 local held-out dense-loop validation,local_minor_loop_dense,session_20260618_161152,3,3,3,5,loading,loading_d_345,direct_loading,3.45,13.45,3.44,d340_F490,plain_magnetic_mlp,plain magnetic,12.64762795751841,3.455770984429828,-0.8023720424815899,0.01577098442982816
6.1 local held-out dense-loop validation,local_minor_loop_dense,session_20260618_161152,3,3,3,6,loading,loading_d_355,direct_loading,3.55,14.8825,3.53,d360_F490,plain_magnetic_mlp,plain magnetic,13.98737334995023,3.552736553348763,-0.8951266500497699,0.022736553348763344
6.1 local held-out dense-loop validation,local_minor_loop_dense,session_20260618_161152,3,3,3,7,preload,preload_d_380,preload_deep,3.8,18.7804,3.79,d360_F490,plain_magnetic_mlp,plain magnetic,18.299955563414436,3.778139345944886,-0.48044443658556446,-0.01186065405511405
6.1 local held-out dense-loop validation,local_minor_loop_dense,session_20260618_161152,3,3,3,8,unloading,unloading_d_355,return_unloading,3.55,12.5471,3.55,d360_F490,plain_magnetic_mlp,plain magnetic,12.047612034612195,3.564225068508251,-0.4994879653878055,0.014225068508251226
6.1 local held-out dense-loop validation,local_minor_loop_dense,session_20260618_161152,3,3,3,9,unloading,unloading_d_345,return_unloading,3.45,10.3433,3.44,d340_F490,plain_magnetic_mlp,plain magnetic,9.667124838653278,3.4394408481699412,-0.6761751613467215,-0.0005591518300587239
6.1 local held-out dense-loop validation,local_minor_loop_dense,session_20260618_161152,3,3,3,10,unloading,unloading_d_335,return_unloading,3.35,9.277,3.35,d340_F490,plain_magnetic_mlp,plain magnetic,8.5030493272221,3.3560344007664327,-0.7739506727778984,0.006034400766432579
6.1 local held-out dense-loop validation,local_minor_loop_dense,session_20260618_161152,3,3,3,11,unloading,unloading_d_325,return_unloading,3.25,8.3858,3.27,d320_F490,plain_magnetic_mlp,plain magnetic,7.540353867656809,3.275519486612901,-0.8454461323431905,0.005519486612901137
6.1 local held-out dense-loop validation,local_minor_loop_dense,session_20260618_161152,3,3,3,12,unloading,unloading_d_315,return_unloading,3.15,7.1186,3.15,d320_F490,plain_magnetic_mlp,plain magnetic,5.950968808626261,3.134036049532075,-1.1676311913737392,-0.01596395046792498
6.1 local held-out dense-loop validation,local_minor_loop_dense,session_20260618_161152,3,3,3,13,unloading,unloading_d_305,return_unloading,3.05,6.0483,3.01,d300_F490,plain_magnetic_mlp,plain magnetic,5.180074868983317,3.0202994017565,-0.8682251310166835,0.010299401756500348
6.1 local held-out dense-loop validation,local_minor_loop_dense,session_20260615_160438,1,1,1,1,loading,loading_d_305,direct_loading,3.05,6.3147,3.04,d300_F490,lim_style_branch_mlp,Lim-style branch compensation,6.602582881879175,3.2388660583025763,0.28788288187917477,0.1988660583025763
6.1 local held-out dense-loop validation,local_minor_loop_dense,session_20260615_160438,1,1,1,2,loading,loading_d_315,direct_loading,3.15,7.1022,3.14,d320_F490,lim_style_branch_mlp,Lim-style branch compensation,6.988061718162326,3.2047325287437842,-0.11413828183767372,0.0647325287437841
6.1 local held-out dense-loop validation,local_minor_loop_dense,session_20260615_160438,1,1,1,3,loading,loading_d_325,direct_loading,3.25,7.8692,3.24,d320_F490,lim_style_branch_mlp,Lim-style branch compensation,7.8077547326592684,3.2011646762582395,-0.061445267340731746,-0.038835323741760686
6.1 local held-out dense-loop validation,local_minor_loop_dense,session_20260615_160438,1,1,1,4,loading,loading_d_335,direct_loading,3.35,8.7059,3.35,d340_F490,lim_style_branch_mlp,Lim-style branch compensation,8.984806549806413,3.257041116134157,0.27890654980641294,-0.09295888386584306
6.1 local held-out dense-loop validation,local_minor_loop_dense,session_20260615_160438,1,1,1,5,loading,loading_d_345,direct_loading,3.45,9.6121,3.44,d340_F490,lim_style_branch_mlp,Lim-style branch compensation,10.125156113425676,3.340767670988854,0.5130561134256766,-0.09923232901114609
6.1 local held-out dense-loop validation,local_minor_loop_dense,session_20260615_160438,1,1,1,6,loading,loading_d_355,direct_loading,3.55,10.6078,3.54,d360_F490,lim_style_branch_mlp,Lim-style branch compensation,11.051596951419583,3.355199537614804,0.44379695141958386,-0.18480046238519598
6.1 local held-out dense-loop validation,local_minor_loop_dense,session_20260615_160438,1,1,1,7,preload,preload_d_380,preload_deep,3.8,13.2145,3.79,d360_F490,lim_style_branch_mlp,Lim-style branch compensation,16.427609279943383,3.6970890224354376,3.2131092799433834,-0.09291097756456246
6.1 local held-out dense-loop validation,local_minor_loop_dense,session_20260615_160438,1,1,1,8,unloading,unloading_d_355,return_unloading,3.55,8.5755,3.54,d360_F490,lim_style_branch_mlp,Lim-style branch compensation,11.454257192051255,3.410207440538636,2.878757192051255,-0.12979255946136403
6.1 local held-out dense-loop validation,local_minor_loop_dense,session_20260615_160438,1,1,1,9,unloading,unloading_d_345,return_unloading,3.45,7.0798,3.42,d340_F490,lim_style_branch_mlp,Lim-style branch compensation,8.978651124020148,3.3110023823262105,1.8988511240201484,-0.10899761767378946
6.1 local held-out dense-loop validation,local_minor_loop_dense,session_20260615_160438,1,1,1,10,unloading,unloading_d_335,return_unloading,3.35,6.3714,3.35,d340_F490,lim_style_branch_mlp,Lim-style branch compensation,7.7120519051664145,3.2105307955626645,1.340651905166414,-0.13946920443733557
6.1 local held-out dense-loop validation,local_minor_loop_dense,session_20260615_160438,1,1,1,11,unloading,unloading_d_325,return_unloading,3.25,5.4069,3.22,d320_F490,lim_style_branch_mlp,Lim-style branch compensation,5.559045633260555,3.078816909902269,0.15214563326055508,-0.14118309009773133
6.1 local held-out dense-loop validation,local_minor_loop_dense,session_20260615_160438,1,1,1,12,unloading,unloading_d_315,return_unloading,3.15,4.8843,3.14,d320_F490,lim_style_branch_mlp,Lim-style branch compensation,5.034401367194137,3.0393034322874075,0.15010136719413758,-0.10069656771259261
6.1 local held-out dense-loop validation,local_minor_loop_dense,session_20260615_160438,1,1,1,13,unloading,unloading_d_305,return_unloading,3.05,4.1544,3.02,d300_F430,lim_style_branch_mlp,Lim-style branch compensation,4.818800942661786,3.007042517140272,0.6644009426617865,-0.012957482859727865
6.1 local held-out dense-loop validation,local_minor_loop_dense,session_20260615_160438,2,2,2,1,loading,loading_d_305,direct_loading,3.05,7.3673,3.04,d300_F490,lim_style_branch_mlp,Lim-style branch compensation,7.171913875224013,3.053230100047483,-0.19538612477598694,0.013230100047482818
6.1 local held-out dense-loop validation,local_minor_loop_dense,session_20260615_160438,2,2,2,2,loading,loading_d_315,direct_loading,3.15,8.34,3.15,d320_F490,lim_style_branch_mlp,Lim-style branch compensation,8.10434629431708,3.0750277426728263,-0.23565370568291932,-0.07497225732717361
6.1 local held-out dense-loop validation,local_minor_loop_dense,session_20260615_160438,2,2,2,3,loading,loading_d_325,direct_loading,3.25,9.2605,3.24,d320_F490,lim_style_branch_mlp,Lim-style branch compensation,9.187230378266552,3.1346630592128686,-0.07326962173344853,-0.10533694078713163
6.1 local held-out dense-loop validation,local_minor_loop_dense,session_20260615_160438,2,2,2,4,loading,loading_d_335,direct_loading,3.35,10.2593,3.34,d340_F490,lim_style_branch_mlp,Lim-style branch compensation,10.373540821571622,3.2327594204080956,0.11424082157162196,-0.10724057959190425
6.1 local held-out dense-loop validation,local_minor_loop_dense,session_20260615_160438,2,2,2,5,loading,loading_d_345,direct_loading,3.45,11.3413,3.44,d340_F490,lim_style_branch_mlp,Lim-style branch compensation,11.573899799467888,3.3064322737401635,0.2325997994678879,-0.13356772625983648
6.1 local held-out dense-loop validation,local_minor_loop_dense,session_20260615_160438,2,2,2,6,loading,loading_d_355,direct_loading,3.55,12.528,3.54,d360_F490,lim_style_branch_mlp,Lim-style branch compensation,13.310403369824872,3.4238689184867246,0.7824033698248716,-0.11613108151327545
6.1 local held-out dense-loop validation,local_minor_loop_dense,session_20260615_160438,2,2,2,7,preload,preload_d_380,preload_deep,3.8,15.6268,3.78,d360_F490,lim_style_branch_mlp,Lim-style branch compensation,20.147958088245375,3.7781776873295096,4.521158088245375,-0.001822312670490156
6.1 local held-out dense-loop validation,local_minor_loop_dense,session_20260615_160438,2,2,2,8,unloading,unloading_d_355,return_unloading,3.55,10.2663,3.54,d360_F490,lim_style_branch_mlp,Lim-style branch compensation,14.450333601947417,3.431272922215129,4.184033601947418,-0.108727077784871
6.1 local held-out dense-loop validation,local_minor_loop_dense,session_20260615_160438,2,2,2,9,unloading,unloading_d_345,return_unloading,3.45,8.5005,3.42,d340_F490,lim_style_branch_mlp,Lim-style branch compensation,12.62144140365213,3.3449847145245877,4.120941403652129,-0.07501528547541225
6.1 local held-out dense-loop validation,local_minor_loop_dense,session_20260615_160438,2,2,2,10,unloading,unloading_d_335,return_unloading,3.35,7.6266,3.34,d340_F490,lim_style_branch_mlp,Lim-style branch compensation,11.385620590957675,3.296640184284307,3.7590205909576753,-0.04335981571569292
6.1 local held-out dense-loop validation,local_minor_loop_dense,session_20260615_160438,2,2,2,11,unloading,unloading_d_325,return_unloading,3.25,6.4625,3.23,d320_F490,lim_style_branch_mlp,Lim-style branch compensation,8.669171015546405,3.215270960261913,2.206671015546405,-0.014729039738087035
6.1 local held-out dense-loop validation,local_minor_loop_dense,session_20260615_160438,2,2,2,12,unloading,unloading_d_315,return_unloading,3.15,5.5017,3.11,d320_F490,lim_style_branch_mlp,Lim-style branch compensation,6.347857796924298,3.1288734061947925,0.8461577969242988,0.018873406194792608
6.1 local held-out dense-loop validation,local_minor_loop_dense,session_20260615_160438,2,2,2,13,unloading,unloading_d_305,return_unloading,3.05,4.9789,3.02,d300_F490,lim_style_branch_mlp,Lim-style branch compensation,5.300596683811689,3.0824618609793664,0.32169668381168837,0.062461860979366346
6.1 local held-out dense-loop validation,local_minor_loop_dense,session_20260615_160438,3,3,3,1,loading,loading_d_305,direct_loading,3.05,7.7112,3.05,d300_F490,lim_style_branch_mlp,Lim-style branch compensation,7.659865401074205,3.0368931323433754,-0.05133459892579495,-0.013106867656624388
6.1 local held-out dense-loop validation,local_minor_loop_dense,session_20260615_160438,3,3,3,2,loading,loading_d_315,direct_loading,3.15,8.7281,3.15,d320_F490,lim_style_branch_mlp,Lim-style branch compensation,8.608065446627538,3.0766461490108794,-0.12003455337246116,-0.0733538509891205
6.1 local held-out dense-loop validation,local_minor_loop_dense,session_20260615_160438,3,3,3,3,loading,loading_d_325,direct_loading,3.25,9.6944,3.24,d320_F490,lim_style_branch_mlp,Lim-style branch compensation,9.680914370815843,3.1517656043002407,-0.013485629184156522,-0.08823439569975955
6.1 local held-out dense-loop validation,local_minor_loop_dense,session_20260615_160438,3,3,3,4,loading,loading_d_335,direct_loading,3.35,10.7525,3.34,d340_F490,lim_style_branch_mlp,Lim-style branch compensation,10.84248127357531,3.2415788329134756,0.08998127357530983,-0.09842116708652426
6.1 local held-out dense-loop validation,local_minor_loop_dense,session_20260615_160438,3,3,3,5,loading,loading_d_345,direct_loading,3.45,11.8863,3.44,d340_F490,lim_style_branch_mlp,Lim-style branch compensation,12.407277328976264,3.3418532198808393,0.5209773289762634,-0.09814678011916067
6.1 local held-out dense-loop validation,local_minor_loop_dense,session_20260615_160438,3,3,3,6,loading,loading_d_355,direct_loading,3.55,13.1306,3.55,d360_F490,lim_style_branch_mlp,Lim-style branch compensation,14.119159653240068,3.450415877883197,0.9885596532400687,-0.09958412211680301
6.1 local held-out dense-loop validation,local_minor_loop_dense,session_20260615_160438,3,3,3,7,preload,preload_d_380,preload_deep,3.8,16.4662,3.78,d360_F490,lim_style_branch_mlp,Lim-style branch compensation,21.015815925379275,3.7976930746264177,4.549615925379275,0.017693074626417893
6.1 local held-out dense-loop validation,local_minor_loop_dense,session_20260615_160438,3,3,3,8,unloading,unloading_d_355,return_unloading,3.55,10.0612,3.5,d340_F490,lim_style_branch_mlp,Lim-style branch compensation,14.37891743335813,3.4175227455834896,4.31771743335813,-0.08247725441651044
6.1 local held-out dense-loop validation,local_minor_loop_dense,session_20260615_160438,3,3,3,9,unloading,unloading_d_345,return_unloading,3.45,8.96305,3.42,d340_F490,lim_style_branch_mlp,Lim-style branch compensation,13.29088981756491,3.364449676675725,4.327839817564909,-0.05555032332427512
6.1 local held-out dense-loop validation,local_minor_loop_dense,session_20260615_160438,3,3,3,10,unloading,unloading_d_335,return_unloading,3.35,8.0636,3.34,d340_F490,lim_style_branch_mlp,Lim-style branch compensation,12.154113194630295,3.3225211043425995,4.0905131946302955,-0.01747889565740035
6.1 local held-out dense-loop validation,local_minor_loop_dense,session_20260615_160438,3,3,3,11,unloading,unloading_d_325,return_unloading,3.25,6.8147,3.22,d320_F490,lim_style_branch_mlp,Lim-style branch compensation,9.860403970697929,3.2314038856290286,3.0457039706979288,0.011403885629028387
6.1 local held-out dense-loop validation,local_minor_loop_dense,session_20260615_160438,3,3,3,12,unloading,unloading_d_315,return_unloading,3.15,6.1744,3.15,d320_F490,lim_style_branch_mlp,Lim-style branch compensation,8.252750641659116,3.201460728038775,2.0783506416591155,0.051460728038775105
6.1 local held-out dense-loop validation,local_minor_loop_dense,session_20260615_160438,3,3,3,13,unloading,unloading_d_305,return_unloading,3.05,5.2664,3.02,d300_F490,lim_style_branch_mlp,Lim-style branch compensation,5.985229637224243,3.1012747946955517,0.7188296372242426,0.08127479469555166
6.1 local held-out dense-loop validation,local_minor_loop_dense,session_20260618_161152,1,1,1,1,loading,loading_d_305,direct_loading,3.05,8.0729,3.04,d300_F490,lim_style_branch_mlp,Lim-style branch compensation,8.12973326332395,3.0119321980314817,0.05683326332394856,-0.028067801968518324
6.1 local held-out dense-loop validation,local_minor_loop_dense,session_20260618_161152,1,1,1,2,loading,loading_d_315,direct_loading,3.15,9.0893,3.13,d320_F490,lim_style_branch_mlp,Lim-style branch compensation,9.174382540125084,3.1009821186182505,0.0850825401250841,-0.029017881381749433
6.1 local held-out dense-loop validation,local_minor_loop_dense,session_20260618_161152,1,1,1,3,loading,loading_d_325,direct_loading,3.25,10.073,3.23,d320_F490,lim_style_branch_mlp,Lim-style branch compensation,10.23745394014844,3.2062076419677523,0.16445394014843906,-0.023792358032247662
6.1 local held-out dense-loop validation,local_minor_loop_dense,session_20260618_161152,1,1,1,4,loading,loading_d_335,direct_loading,3.35,11.1511,3.33,d340_F490,lim_style_branch_mlp,Lim-style branch compensation,11.321837108197487,3.303592898860381,0.17073710819748733,-0.026407101139619193
6.1 local held-out dense-loop validation,local_minor_loop_dense,session_20260618_161152,1,1,1,5,loading,loading_d_345,direct_loading,3.45,12.327,3.43,d340_F490,lim_style_branch_mlp,Lim-style branch compensation,12.60545920716591,3.408672342670209,0.2784592071659109,-0.02132765732979136
6.1 local held-out dense-loop validation,local_minor_loop_dense,session_20260618_161152,1,1,1,6,loading,loading_d_355,direct_loading,3.55,13.609,3.54,d360_F490,lim_style_branch_mlp,Lim-style branch compensation,13.967264445797944,3.5202256319702823,0.3582644457979445,-0.01977436802971777
6.1 local held-out dense-loop validation,local_minor_loop_dense,session_20260618_161152,1,1,1,7,preload,preload_d_380,preload_deep,3.8,17.0618,3.79,d360_F490,lim_style_branch_mlp,Lim-style branch compensation,17.62792100265831,3.772737624029711,0.5661210026583099,-0.017262375970289234
6.1 local held-out dense-loop validation,local_minor_loop_dense,session_20260618_161152,1,1,1,8,unloading,unloading_d_355,return_unloading,3.55,11.2848,3.56,d360_F490,lim_style_branch_mlp,Lim-style branch compensation,10.916625768452684,3.5069528538554358,-0.3681742315473162,-0.053047146144564294
6.1 local held-out dense-loop validation,local_minor_loop_dense,session_20260618_161152,1,1,1,9,unloading,unloading_d_345,return_unloading,3.45,9.3161,3.41,d340_F490,lim_style_branch_mlp,Lim-style branch compensation,9.186630562744863,3.383243690604348,-0.12946943725513727,-0.02675630939565199
6.1 local held-out dense-loop validation,local_minor_loop_dense,session_20260618_161152,1,1,1,10,unloading,unloading_d_335,return_unloading,3.35,8.3881,3.35,d340_F490,lim_style_branch_mlp,Lim-style branch compensation,8.279165572482183,3.298327535141784,-0.10893442751781635,-0.051672464858216305
6.1 local held-out dense-loop validation,local_minor_loop_dense,session_20260618_161152,1,1,1,11,unloading,unloading_d_325,return_unloading,3.25,7.5869,3.27,d320_F490,lim_style_branch_mlp,Lim-style branch compensation,7.573477069122512,3.2179972445914324,-0.013422930877488248,-0.05200275540856758
6.1 local held-out dense-loop validation,local_minor_loop_dense,session_20260618_161152,1,1,1,12,unloading,unloading_d_315,return_unloading,3.15,6.4348,3.15,d320_F490,lim_style_branch_mlp,Lim-style branch compensation,6.43159225969702,3.091993085804258,-0.003207740302980433,-0.058006914195742
6.1 local held-out dense-loop validation,local_minor_loop_dense,session_20260618_161152,1,1,1,13,unloading,unloading_d_305,return_unloading,3.05,5.4865,3.02,d300_F490,lim_style_branch_mlp,Lim-style branch compensation,5.67483931967855,2.991291658905694,0.18833931967854944,-0.02870834109430609
6.1 local held-out dense-loop validation,local_minor_loop_dense,session_20260618_161152,2,2,2,1,loading,loading_d_305,direct_loading,3.05,8.1799,3.05,d300_F490,lim_style_branch_mlp,Lim-style branch compensation,8.213473010406556,2.9933688140800063,0.033573010406556136,-0.0566311859199935
6.1 local held-out dense-loop validation,local_minor_loop_dense,session_20260618_161152,2,2,2,2,loading,loading_d_315,direct_loading,3.15,9.2292,3.14,d320_F490,lim_style_branch_mlp,Lim-style branch compensation,9.263858868617818,3.082556532104267,0.03465886861781797,-0.05744346789573296
6.1 local held-out dense-loop validation,local_minor_loop_dense,session_20260618_161152,2,2,2,3,loading,loading_d_325,direct_loading,3.25,10.2405,3.24,d320_F490,lim_style_branch_mlp,Lim-style branch compensation,10.366638301813632,3.189672817783481,0.12613830181363106,-0.050327182216518995
6.1 local held-out dense-loop validation,local_minor_loop_dense,session_20260618_161152,2,2,2,4,loading,loading_d_335,direct_loading,3.35,11.3619,3.34,d340_F490,lim_style_branch_mlp,Lim-style branch compensation,11.528478307470047,3.2892693696769264,0.1665783074700471,-0.050730630323073456
6.1 local held-out dense-loop validation,local_minor_loop_dense,session_20260618_161152,2,2,2,5,loading,loading_d_345,direct_loading,3.45,12.5758,3.42,d340_F490,lim_style_branch_mlp,Lim-style branch compensation,12.737714634767938,3.3869098433027593,0.161914634767939,-0.03309015669724058
6.1 local held-out dense-loop validation,local_minor_loop_dense,session_20260618_161152,2,2,2,6,loading,loading_d_355,direct_loading,3.55,13.9219,3.55,d360_F490,lim_style_branch_mlp,Lim-style branch compensation,14.083956247343306,3.4797063280237386,0.1620562473433047,-0.07029367197626124
6.1 local held-out dense-loop validation,local_minor_loop_dense,session_20260618_161152,2,2,2,7,preload,preload_d_380,preload_deep,3.8,17.5658,3.78,d360_F490,lim_style_branch_mlp,Lim-style branch compensation,17.934932357464078,3.7702930664727496,0.36913235746407835,-0.009706933527250161
6.1 local held-out dense-loop validation,local_minor_loop_dense,session_20260618_161152,2,2,2,8,unloading,unloading_d_355,return_unloading,3.55,10.7954,3.51,d360_F490,lim_style_branch_mlp,Lim-style branch compensation,10.451500829800192,3.4554355166348376,-0.3438991701998084,-0.054564483365162175
6.1 local held-out dense-loop validation,local_minor_loop_dense,session_20260618_161152,2,2,2,9,unloading,unloading_d_345,return_unloading,3.45,9.585,3.42,d340_F490,lim_style_branch_mlp,Lim-style branch compensation,9.44143939737657,3.379400290573676,-0.14356060262343107,-0.04059970942632374
6.1 local held-out dense-loop validation,local_minor_loop_dense,session_20260618_161152,2,2,2,10,unloading,unloading_d_335,return_unloading,3.35,8.6365,3.34,d340_F490,lim_style_branch_mlp,Lim-style branch compensation,8.4859965738547,3.290225742665715,-0.1505034261452991,-0.049774257334284755
6.1 local held-out dense-loop validation,local_minor_loop_dense,session_20260618_161152,2,2,2,11,unloading,unloading_d_325,return_unloading,3.25,7.3095,3.22,d320_F490,lim_style_branch_mlp,Lim-style branch compensation,7.225876052019004,3.1528342406336054,-0.08362394798099615,-0.0671657593663948
6.1 local held-out dense-loop validation,local_minor_loop_dense,session_20260618_161152,2,2,2,12,unloading,unloading_d_315,return_unloading,3.15,6.5977,3.14,d320_F490,lim_style_branch_mlp,Lim-style branch compensation,6.561804673495518,3.076870945830263,-0.03589532650448124,-0.06312905416973713
6.1 local held-out dense-loop validation,local_minor_loop_dense,session_20260618_161152,2,2,2,13,unloading,unloading_d_305,return_unloading,3.05,5.6329,3.03,d300_F490,lim_style_branch_mlp,Lim-style branch compensation,5.760640752701166,2.9813696407081194,0.12774075270116558,-0.04863035929188042
6.1 local held-out dense-loop validation,local_minor_loop_dense,session_20260618_161152,3,3,3,1,loading,loading_d_305,direct_loading,3.05,8.743,3.03,d300_F490,lim_style_branch_mlp,Lim-style branch compensation,8.83776697079455,3.03790608109919,0.09476697079455043,0.00790608109919022
6.1 local held-out dense-loop validation,local_minor_loop_dense,session_20260618_161152,3,3,3,2,loading,loading_d_315,direct_loading,3.15,9.8627,3.13,d320_F490,lim_style_branch_mlp,Lim-style branch compensation,9.890388169070985,3.133622626148381,0.02768816907098426,0.0036226261483811584
6.1 local held-out dense-loop validation,local_minor_loop_dense,session_20260618_161152,3,3,3,3,loading,loading_d_325,direct_loading,3.25,10.9614,3.23,d320_F490,lim_style_branch_mlp,Lim-style branch compensation,10.994030418589558,3.233346347469456,0.03263041858955873,0.003346347469455946
6.1 local held-out dense-loop validation,local_minor_loop_dense,session_20260618_161152,3,3,3,4,loading,loading_d_335,direct_loading,3.35,12.1494,3.33,d340_F490,lim_style_branch_mlp,Lim-style branch compensation,12.200970755620308,3.3269725301227266,0.05157075562030755,-0.0030274698772734254
6.1 local held-out dense-loop validation,local_minor_loop_dense,session_20260618_161152,3,3,3,5,loading,loading_d_345,direct_loading,3.45,13.45,3.44,d340_F490,lim_style_branch_mlp,Lim-style branch compensation,13.417710663348899,3.406220689430018,-0.03228933665110034,-0.033779310569981735
6.1 local held-out dense-loop validation,local_minor_loop_dense,session_20260618_161152,3,3,3,6,loading,loading_d_355,direct_loading,3.55,14.8825,3.53,d360_F490,lim_style_branch_mlp,Lim-style branch compensation,14.936618793672842,3.5111831191201217,0.054118793672842,-0.018816880879878095
6.1 local held-out dense-loop validation,local_minor_loop_dense,session_20260618_161152,3,3,3,7,preload,preload_d_380,preload_deep,3.8,18.7804,3.79,d360_F490,lim_style_branch_mlp,Lim-style branch compensation,18.86053912009207,3.7775108956572865,0.08013912009207047,-0.012489104342713553
6.1 local held-out dense-loop validation,local_minor_loop_dense,session_20260618_161152,3,3,3,8,unloading,unloading_d_355,return_unloading,3.55,12.5471,3.55,d360_F490,lim_style_branch_mlp,Lim-style branch compensation,12.458111926315866,3.5744061161201763,-0.08898807368413486,0.024406116120176513
6.1 local held-out dense-loop validation,local_minor_loop_dense,session_20260618_161152,3,3,3,9,unloading,unloading_d_345,return_unloading,3.45,10.3433,3.44,d340_F490,lim_style_branch_mlp,Lim-style branch compensation,10.269543492012895,3.4311543153138517,-0.07375650798710431,-0.008845684686148214
6.1 local held-out dense-loop validation,local_minor_loop_dense,session_20260618_161152,3,3,3,10,unloading,unloading_d_335,return_unloading,3.35,9.277,3.35,d340_F490,lim_style_branch_mlp,Lim-style branch compensation,9.268533374400125,3.3426856028869683,-0.008466625599874433,-0.007314397113031834
6.1 local held-out dense-loop validation,local_minor_loop_dense,session_20260618_161152,3,3,3,11,unloading,unloading_d_325,return_unloading,3.25,8.3858,3.27,d320_F490,lim_style_branch_mlp,Lim-style branch compensation,8.314951945551039,3.255426457593376,-0.0708480544489607,-0.014573542406624007
6.1 local held-out dense-loop validation,local_minor_loop_dense,session_20260618_161152,3,3,3,12,unloading,unloading_d_315,return_unloading,3.15,7.1186,3.15,d320_F490,lim_style_branch_mlp,Lim-style branch compensation,7.040782054919311,3.1159751965584848,-0.07781794508068884,-0.03402480344151515
6.1 local held-out dense-loop validation,local_minor_loop_dense,session_20260618_161152,3,3,3,13,unloading,unloading_d_305,return_unloading,3.05,6.0483,3.01,d300_F490,lim_style_branch_mlp,Lim-style branch compensation,5.973695581080556,2.998760745381218,-0.07460441891944392,-0.011239254618781835
6.1 local held-out dense-loop validation,local_minor_loop_dense,session_20260615_160438,1,1,1,1,loading,loading_d_305,direct_loading,3.05,6.3147,3.04,d300_F490,apmd_path_memory_mlp,APMD path memory,7.465948577158068,3.015428495465517,1.1512485771580678,-0.02457150453448298
6.1 local held-out dense-loop validation,local_minor_loop_dense,session_20260615_160438,1,1,1,2,loading,loading_d_315,direct_loading,3.15,7.1022,3.14,d320_F490,apmd_path_memory_mlp,APMD path memory,8.038172346278769,3.0852982766556867,0.9359723462787688,-0.054701723344313447
6.1 local held-out dense-loop validation,local_minor_loop_dense,session_20260615_160438,1,1,1,3,loading,loading_d_325,direct_loading,3.25,7.8692,3.24,d320_F490,apmd_path_memory_mlp,APMD path memory,8.753558088349163,3.1945009237768556,0.8843580883491624,-0.04549907622314464
6.1 local held-out dense-loop validation,local_minor_loop_dense,session_20260615_160438,1,1,1,4,loading,loading_d_335,direct_loading,3.35,8.7059,3.35,d340_F490,apmd_path_memory_mlp,APMD path memory,9.667664182412674,3.313957957361036,0.9617641824126739,-0.036042042638964045
6.1 local held-out dense-loop validation,local_minor_loop_dense,session_20260615_160438,1,1,1,5,loading,loading_d_345,direct_loading,3.45,9.6121,3.44,d340_F490,apmd_path_memory_mlp,APMD path memory,10.766548606243834,3.434924252385909,1.1544486062438342,-0.0050757476140907976
6.1 local held-out dense-loop validation,local_minor_loop_dense,session_20260615_160438,1,1,1,6,loading,loading_d_355,direct_loading,3.55,10.6078,3.54,d360_F490,apmd_path_memory_mlp,APMD path memory,12.041468124075404,3.5509584828035816,1.433668124075405,0.010958482803581582
6.1 local held-out dense-loop validation,local_minor_loop_dense,session_20260615_160438,1,1,1,7,preload,preload_d_380,preload_deep,3.8,13.2145,3.79,d360_F490,apmd_path_memory_mlp,APMD path memory,13.795669395068405,3.7771813381888464,0.5811693950684056,-0.012818661811153653
6.1 local held-out dense-loop validation,local_minor_loop_dense,session_20260615_160438,1,1,1,8,unloading,unloading_d_355,return_unloading,3.55,8.5755,3.54,d360_F490,apmd_path_memory_mlp,APMD path memory,10.370296753493696,3.6503508501599535,1.7947967534936957,0.1103508501599535
6.1 local held-out dense-loop validation,local_minor_loop_dense,session_20260615_160438,1,1,1,9,unloading,unloading_d_345,return_unloading,3.45,7.0798,3.42,d340_F490,apmd_path_memory_mlp,APMD path memory,8.522244594149768,3.510141869660895,1.4424445941497686,0.09014186966089488
6.1 local held-out dense-loop validation,local_minor_loop_dense,session_20260615_160438,1,1,1,10,unloading,unloading_d_335,return_unloading,3.35,6.3714,3.35,d340_F490,apmd_path_memory_mlp,APMD path memory,7.837142915402601,3.3936120596799983,1.4657429154026005,0.04361205967999826
6.1 local held-out dense-loop validation,local_minor_loop_dense,session_20260615_160438,1,1,1,11,unloading,unloading_d_325,return_unloading,3.25,5.4069,3.22,d320_F490,apmd_path_memory_mlp,APMD path memory,6.667183926866458,3.212485978755525,1.2602839268664576,-0.007514021244475089
6.1 local held-out dense-loop validation,local_minor_loop_dense,session_20260615_160438,1,1,1,12,unloading,unloading_d_315,return_unloading,3.15,4.8843,3.14,d320_F490,apmd_path_memory_mlp,APMD path memory,6.194540802888275,3.1121433047378795,1.3102408028882753,-0.027856695262120645
6.1 local held-out dense-loop validation,local_minor_loop_dense,session_20260615_160438,1,1,1,13,unloading,unloading_d_305,return_unloading,3.05,4.1544,3.02,d300_F430,apmd_path_memory_mlp,APMD path memory,5.3063677043098245,2.9833413649525786,1.1519677043098246,-0.036658635047421395
6.1 local held-out dense-loop validation,local_minor_loop_dense,session_20260615_160438,2,2,2,1,loading,loading_d_305,direct_loading,3.05,7.3673,3.04,d300_F490,apmd_path_memory_mlp,APMD path memory,8.51108308800378,2.9785349455506016,1.1437830880037794,-0.061465054449398426
6.1 local held-out dense-loop validation,local_minor_loop_dense,session_20260615_160438,2,2,2,2,loading,loading_d_315,direct_loading,3.15,8.34,3.15,d320_F490,apmd_path_memory_mlp,APMD path memory,9.481892310697452,3.0727392695246523,1.1418923106974521,-0.07726073047534765
6.1 local held-out dense-loop validation,local_minor_loop_dense,session_20260615_160438,2,2,2,3,loading,loading_d_325,direct_loading,3.25,9.2605,3.24,d320_F490,apmd_path_memory_mlp,APMD path memory,10.682840709001528,3.1744729004784484,1.4223407090015279,-0.06552709952155178
6.1 local held-out dense-loop validation,local_minor_loop_dense,session_20260615_160438,2,2,2,4,loading,loading_d_335,direct_loading,3.35,10.2593,3.34,d340_F490,apmd_path_memory_mlp,APMD path memory,11.883367129205089,3.2996323420103515,1.6240671292050894,-0.040367657989648364
6.1 local held-out dense-loop validation,local_minor_loop_dense,session_20260615_160438,2,2,2,5,loading,loading_d_345,direct_loading,3.45,11.3413,3.44,d340_F490,apmd_path_memory_mlp,APMD path memory,13.194195346296656,3.4210326479593154,1.8528953462966555,-0.01896735204068456
6.1 local held-out dense-loop validation,local_minor_loop_dense,session_20260615_160438,2,2,2,6,loading,loading_d_355,direct_loading,3.55,12.528,3.54,d360_F490,apmd_path_memory_mlp,APMD path memory,14.53945614566745,3.532489149011749,2.0114561456674487,-0.007510850988250883
6.1 local held-out dense-loop validation,local_minor_loop_dense,session_20260615_160438,2,2,2,7,preload,preload_d_380,preload_deep,3.8,15.6268,3.78,d360_F490,apmd_path_memory_mlp,APMD path memory,17.677851659535442,3.9338985671450963,2.0510516595354424,0.15389856714509653
6.1 local held-out dense-loop validation,local_minor_loop_dense,session_20260615_160438,2,2,2,8,unloading,unloading_d_355,return_unloading,3.55,10.2663,3.54,d360_F490,apmd_path_memory_mlp,APMD path memory,13.454203217852179,3.722214760055133,3.1879032178521793,0.18221476005513315
6.1 local held-out dense-loop validation,local_minor_loop_dense,session_20260615_160438,2,2,2,9,unloading,unloading_d_345,return_unloading,3.45,8.5005,3.42,d340_F490,apmd_path_memory_mlp,APMD path memory,11.25239703043481,3.643954160974586,2.75189703043481,0.2239541609745861
6.1 local held-out dense-loop validation,local_minor_loop_dense,session_20260615_160438,2,2,2,10,unloading,unloading_d_335,return_unloading,3.35,7.6266,3.34,d340_F490,apmd_path_memory_mlp,APMD path memory,9.673324140121334,3.5468103819880614,2.0467241401213343,0.20681038198806156
6.1 local held-out dense-loop validation,local_minor_loop_dense,session_20260615_160438,2,2,2,11,unloading,unloading_d_325,return_unloading,3.25,6.4625,3.23,d320_F490,apmd_path_memory_mlp,APMD path memory,7.6803247909467025,3.396957854181153,1.2178247909467022,0.16695785418115294
6.1 local held-out dense-loop validation,local_minor_loop_dense,session_20260615_160438,2,2,2,12,unloading,unloading_d_315,return_unloading,3.15,5.5017,3.11,d320_F490,apmd_path_memory_mlp,APMD path memory,6.524894637912986,3.23058433946672,1.0231946379129866,0.12058433946672009
6.1 local held-out dense-loop validation,local_minor_loop_dense,session_20260615_160438,2,2,2,13,unloading,unloading_d_305,return_unloading,3.05,4.9789,3.02,d300_F490,apmd_path_memory_mlp,APMD path memory,6.016294014819661,3.1192159700879305,1.037394014819661,0.09921597008793048
6.1 local held-out dense-loop validation,local_minor_loop_dense,session_20260615_160438,3,3,3,1,loading,loading_d_305,direct_loading,3.05,7.7112,3.05,d300_F490,apmd_path_memory_mlp,APMD path memory,8.83141951384158,2.982987940533153,1.1202195138415796,-0.06701205946684663
6.1 local held-out dense-loop validation,local_minor_loop_dense,session_20260615_160438,3,3,3,2,loading,loading_d_315,direct_loading,3.15,8.7281,3.15,d320_F490,apmd_path_memory_mlp,APMD path memory,9.978761382858924,3.0889493832996324,1.2506613828589241,-0.06105061670036749
6.1 local held-out dense-loop validation,local_minor_loop_dense,session_20260615_160438,3,3,3,3,loading,loading_d_325,direct_loading,3.25,9.6944,3.24,d320_F490,apmd_path_memory_mlp,APMD path memory,11.302524871153496,3.1987881479323135,1.6081248711534961,-0.04121185206768674
6.1 local held-out dense-loop validation,local_minor_loop_dense,session_20260615_160438,3,3,3,4,loading,loading_d_335,direct_loading,3.35,10.7525,3.34,d340_F490,apmd_path_memory_mlp,APMD path memory,12.504632944285412,3.312766175534191,1.752132944285412,-0.027233824465808798
6.1 local held-out dense-loop validation,local_minor_loop_dense,session_20260615_160438,3,3,3,5,loading,loading_d_345,direct_loading,3.45,11.8863,3.44,d340_F490,apmd_path_memory_mlp,APMD path memory,13.877988918968297,3.432816485388357,1.991688918968297,-0.007183514611643016
6.1 local held-out dense-loop validation,local_minor_loop_dense,session_20260615_160438,3,3,3,6,loading,loading_d_355,direct_loading,3.55,13.1306,3.55,d360_F490,apmd_path_memory_mlp,APMD path memory,15.168638914659592,3.5394828041997535,2.0380389146595927,-0.010517195800246348
6.1 local held-out dense-loop validation,local_minor_loop_dense,session_20260615_160438,3,3,3,7,preload,preload_d_380,preload_deep,3.8,16.4662,3.78,d360_F490,apmd_path_memory_mlp,APMD path memory,18.884239961693144,3.934047847129941,2.418039961693143,0.15404784712994113
6.1 local held-out dense-loop validation,local_minor_loop_dense,session_20260615_160438,3,3,3,8,unloading,unloading_d_355,return_unloading,3.55,10.0612,3.5,d340_F490,apmd_path_memory_mlp,APMD path memory,13.557500761433204,3.67284642823392,3.4963007614332042,0.17284642823392016
6.1 local held-out dense-loop validation,local_minor_loop_dense,session_20260615_160438,3,3,3,9,unloading,unloading_d_345,return_unloading,3.45,8.96305,3.42,d340_F490,apmd_path_memory_mlp,APMD path memory,12.1657817460916,3.6403869221997853,3.202731746091599,0.2203869221997854
6.1 local held-out dense-loop validation,local_minor_loop_dense,session_20260615_160438,3,3,3,10,unloading,unloading_d_335,return_unloading,3.35,8.0636,3.34,d340_F490,apmd_path_memory_mlp,APMD path memory,10.503281033258448,3.5693728096361896,2.4396810332584487,0.22937280963618978
6.1 local held-out dense-loop validation,local_minor_loop_dense,session_20260615_160438,3,3,3,11,unloading,unloading_d_325,return_unloading,3.25,6.8147,3.22,d320_F490,apmd_path_memory_mlp,APMD path memory,8.129891789166594,3.430047115102868,1.3151917891665938,0.210047115102868
6.1 local held-out dense-loop validation,local_minor_loop_dense,session_20260615_160438,3,3,3,12,unloading,unloading_d_315,return_unloading,3.15,6.1744,3.15,d320_F490,apmd_path_memory_mlp,APMD path memory,7.247741918353763,3.3209232761669014,1.073341918353763,0.1709232761669015
6.1 local held-out dense-loop validation,local_minor_loop_dense,session_20260615_160438,3,3,3,13,unloading,unloading_d_305,return_unloading,3.05,5.2664,3.02,d300_F490,apmd_path_memory_mlp,APMD path memory,6.155270405158442,3.1401977792482922,0.8888704051584417,0.12019777924829222
6.1 local held-out dense-loop validation,local_minor_loop_dense,session_20260618_161152,1,1,1,1,loading,loading_d_305,direct_loading,3.05,8.0729,3.04,d300_F490,apmd_path_memory_mlp,APMD path memory,8.302516440361751,2.9932465329398665,0.22961644036175066,-0.0467534670601335
6.1 local held-out dense-loop validation,local_minor_loop_dense,session_20260618_161152,1,1,1,2,loading,loading_d_315,direct_loading,3.15,9.0893,3.13,d320_F490,apmd_path_memory_mlp,APMD path memory,9.334080639476372,3.0842529442313635,0.24478063947637274,-0.04574705576863636
6.1 local held-out dense-loop validation,local_minor_loop_dense,session_20260618_161152,1,1,1,3,loading,loading_d_325,direct_loading,3.25,10.073,3.23,d320_F490,apmd_path_memory_mlp,APMD path memory,10.428102465257199,3.188044023868904,0.3551024652571986,-0.04195597613109614
6.1 local held-out dense-loop validation,local_minor_loop_dense,session_20260618_161152,1,1,1,4,loading,loading_d_335,direct_loading,3.35,11.1511,3.33,d340_F490,apmd_path_memory_mlp,APMD path memory,11.547447212334527,3.2905927587262687,0.3963472123345273,-0.03940724127373141
6.1 local held-out dense-loop validation,local_minor_loop_dense,session_20260618_161152,1,1,1,5,loading,loading_d_345,direct_loading,3.45,12.327,3.43,d340_F490,apmd_path_memory_mlp,APMD path memory,12.823394413961339,3.3982252814035645,0.49639441396133854,-0.03177471859643566
6.1 local held-out dense-loop validation,local_minor_loop_dense,session_20260618_161152,1,1,1,6,loading,loading_d_355,direct_loading,3.55,13.609,3.54,d360_F490,apmd_path_memory_mlp,APMD path memory,14.219286128131728,3.4995367277974143,0.6102861281317278,-0.04046327220258572
6.1 local held-out dense-loop validation,local_minor_loop_dense,session_20260618_161152,1,1,1,7,preload,preload_d_380,preload_deep,3.8,17.0618,3.79,d360_F490,apmd_path_memory_mlp,APMD path memory,18.61057514629369,3.7651308960433036,1.5487751462936892,-0.024869103956696392
6.1 local held-out dense-loop validation,local_minor_loop_dense,session_20260618_161152,1,1,1,8,unloading,unloading_d_355,return_unloading,3.55,11.2848,3.56,d360_F490,apmd_path_memory_mlp,APMD path memory,12.467368007988473,3.5278031705081667,1.182568007988472,-0.032196829491833334
6.1 local held-out dense-loop validation,local_minor_loop_dense,session_20260618_161152,1,1,1,9,unloading,unloading_d_345,return_unloading,3.45,9.3161,3.41,d340_F490,apmd_path_memory_mlp,APMD path memory,10.067163297308387,3.4057010735931237,0.7510632973083862,-0.004298926406876458
6.1 local held-out dense-loop validation,local_minor_loop_dense,session_20260618_161152,1,1,1,10,unloading,unloading_d_335,return_unloading,3.35,8.3881,3.35,d340_F490,apmd_path_memory_mlp,APMD path memory,8.783860593686152,3.328429010723139,0.3957605936861519,-0.021570989276860963
6.1 local held-out dense-loop validation,local_minor_loop_dense,session_20260618_161152,1,1,1,11,unloading,unloading_d_325,return_unloading,3.25,7.5869,3.27,d320_F490,apmd_path_memory_mlp,APMD path memory,7.887004679751034,3.241409190416654,0.3001046797510343,-0.028590809583346033
6.1 local held-out dense-loop validation,local_minor_loop_dense,session_20260618_161152,1,1,1,12,unloading,unloading_d_315,return_unloading,3.15,6.4348,3.15,d320_F490,apmd_path_memory_mlp,APMD path memory,6.749061282504808,3.117786891430895,0.3142612825048081,-0.032213108569104865
6.1 local held-out dense-loop validation,local_minor_loop_dense,session_20260618_161152,1,1,1,13,unloading,unloading_d_305,return_unloading,3.05,5.4865,3.02,d300_F490,apmd_path_memory_mlp,APMD path memory,5.706736535381404,3.020799423471697,0.22023653538140398,0.0007994234716970361
6.1 local held-out dense-loop validation,local_minor_loop_dense,session_20260618_161152,2,2,2,1,loading,loading_d_305,direct_loading,3.05,8.1799,3.05,d300_F490,apmd_path_memory_mlp,APMD path memory,8.501973857762103,2.9952485291807496,0.32207385776210273,-0.05475147081925025
6.1 local held-out dense-loop validation,local_minor_loop_dense,session_20260618_161152,2,2,2,2,loading,loading_d_315,direct_loading,3.15,9.2292,3.14,d320_F490,apmd_path_memory_mlp,APMD path memory,9.546669249249828,3.0863145842814586,0.317469249249827,-0.053685415718541574
6.1 local held-out dense-loop validation,local_minor_loop_dense,session_20260618_161152,2,2,2,3,loading,loading_d_325,direct_loading,3.25,10.2405,3.24,d320_F490,apmd_path_memory_mlp,APMD path memory,10.678364134063044,3.1897641744375593,0.4378641340630427,-0.05023582556244088
6.1 local held-out dense-loop validation,local_minor_loop_dense,session_20260618_161152,2,2,2,4,loading,loading_d_335,direct_loading,3.35,11.3619,3.34,d340_F490,apmd_path_memory_mlp,APMD path memory,11.959595067488383,3.296524659923713,0.5976950674883827,-0.04347534007628706
6.1 local held-out dense-loop validation,local_minor_loop_dense,session_20260618_161152,2,2,2,5,loading,loading_d_345,direct_loading,3.45,12.5758,3.42,d340_F490,apmd_path_memory_mlp,APMD path memory,13.173922076862409,3.402862867494553,0.5981220768624098,-0.017137132505447017
6.1 local held-out dense-loop validation,local_minor_loop_dense,session_20260618_161152,2,2,2,6,loading,loading_d_355,direct_loading,3.55,13.9219,3.55,d360_F490,apmd_path_memory_mlp,APMD path memory,14.559296310309115,3.500863305255042,0.6373963103091143,-0.049136694744957854
6.1 local held-out dense-loop validation,local_minor_loop_dense,session_20260618_161152,2,2,2,7,preload,preload_d_380,preload_deep,3.8,17.5658,3.78,d360_F490,apmd_path_memory_mlp,APMD path memory,18.955770492503763,3.7664184446952547,1.389970492503764,-0.013581555304745141
6.1 local held-out dense-loop validation,local_minor_loop_dense,session_20260618_161152,2,2,2,8,unloading,unloading_d_355,return_unloading,3.55,10.7954,3.51,d360_F490,apmd_path_memory_mlp,APMD path memory,12.036454873716036,3.4805042303709497,1.2410548737160347,-0.029495769629050095
6.1 local held-out dense-loop validation,local_minor_loop_dense,session_20260618_161152,2,2,2,9,unloading,unloading_d_345,return_unloading,3.45,9.585,3.42,d340_F490,apmd_path_memory_mlp,APMD path memory,10.481767700835626,3.4017415900082177,0.8967677008356247,-0.018258409991782187
6.1 local held-out dense-loop validation,local_minor_loop_dense,session_20260618_161152,2,2,2,10,unloading,unloading_d_335,return_unloading,3.35,8.6365,3.34,d340_F490,apmd_path_memory_mlp,APMD path memory,9.052337233271704,3.329400927910107,0.41583723327170397,-0.010599072089892747
6.1 local held-out dense-loop validation,local_minor_loop_dense,session_20260618_161152,2,2,2,11,unloading,unloading_d_325,return_unloading,3.25,7.3095,3.22,d320_F490,apmd_path_memory_mlp,APMD path memory,7.60746608283207,3.193973435231671,0.2979660828320698,-0.02602656476832932
6.1 local held-out dense-loop validation,local_minor_loop_dense,session_20260618_161152,2,2,2,12,unloading,unloading_d_315,return_unloading,3.15,6.5977,3.14,d320_F490,apmd_path_memory_mlp,APMD path memory,6.941660541121236,3.114817602958512,0.34396054112123675,-0.02518239704148817
6.1 local held-out dense-loop validation,local_minor_loop_dense,session_20260618_161152,2,2,2,13,unloading,unloading_d_305,return_unloading,3.05,5.6329,3.03,d300_F490,apmd_path_memory_mlp,APMD path memory,5.8796839575402196,3.010779477160346,0.2467839575402193,-0.019220522839653587
6.1 local held-out dense-loop validation,local_minor_loop_dense,session_20260618_161152,3,3,3,1,loading,loading_d_305,direct_loading,3.05,8.743,3.03,d300_F490,apmd_path_memory_mlp,APMD path memory,8.812795943094423,2.9008926742747074,0.06979594309442305,-0.12910732572529238
6.1 local held-out dense-loop validation,local_minor_loop_dense,session_20260618_161152,3,3,3,2,loading,loading_d_315,direct_loading,3.15,9.8627,3.13,d320_F490,apmd_path_memory_mlp,APMD path memory,10.00691049989354,3.079330673826241,0.14421049989353918,-0.050669326173758744
6.1 local held-out dense-loop validation,local_minor_loop_dense,session_20260618_161152,3,3,3,3,loading,loading_d_325,direct_loading,3.25,10.9614,3.23,d320_F490,apmd_path_memory_mlp,APMD path memory,11.331653793286321,3.1937410122661176,0.3702537932863219,-0.036258987733882364
6.1 local held-out dense-loop validation,local_minor_loop_dense,session_20260618_161152,3,3,3,4,loading,loading_d_335,direct_loading,3.35,12.1494,3.33,d340_F490,apmd_path_memory_mlp,APMD path memory,12.640955111870495,3.3007146211793352,0.49155511187049505,-0.029285378820664842
6.1 local held-out dense-loop validation,local_minor_loop_dense,session_20260618_161152,3,3,3,5,loading,loading_d_345,direct_loading,3.45,13.45,3.44,d340_F490,apmd_path_memory_mlp,APMD path memory,13.91847300645042,3.4007303327436986,0.4684730064504201,-0.03926966725630132
6.1 local held-out dense-loop validation,local_minor_loop_dense,session_20260618_161152,3,3,3,6,loading,loading_d_355,direct_loading,3.55,14.8825,3.53,d360_F490,apmd_path_memory_mlp,APMD path memory,15.344499328206437,3.4965253068172,0.46199932820643674,-0.03347469318279961
6.1 local held-out dense-loop validation,local_minor_loop_dense,session_20260618_161152,3,3,3,7,preload,preload_d_380,preload_deep,3.8,18.7804,3.79,d360_F490,apmd_path_memory_mlp,APMD path memory,19.718496318414847,3.72846207919875,0.9380963184148463,-0.06153792080124987
6.1 local held-out dense-loop validation,local_minor_loop_dense,session_20260618_161152,3,3,3,8,unloading,unloading_d_355,return_unloading,3.55,12.5471,3.55,d360_F490,apmd_path_memory_mlp,APMD path memory,13.542389749126059,3.481606783537992,0.9952897491260586,-0.0683932164620078
6.1 local held-out dense-loop validation,local_minor_loop_dense,session_20260618_161152,3,3,3,9,unloading,unloading_d_345,return_unloading,3.45,10.3433,3.44,d340_F490,apmd_path_memory_mlp,APMD path memory,11.358098505626739,3.424358378092659,1.0147985056267395,-0.015641621907340753
6.1 local held-out dense-loop validation,local_minor_loop_dense,session_20260618_161152,3,3,3,10,unloading,unloading_d_335,return_unloading,3.35,9.277,3.35,d340_F490,apmd_path_memory_mlp,APMD path memory,9.738147686831635,3.3311470923565287,0.46114768683163554,-0.01885290764347136
6.1 local held-out dense-loop validation,local_minor_loop_dense,session_20260618_161152,3,3,3,11,unloading,unloading_d_325,return_unloading,3.25,8.3858,3.27,d320_F490,apmd_path_memory_mlp,APMD path memory,8.667612812331946,3.2391608507429077,0.2818128123319461,-0.030839149257092302
6.1 local held-out dense-loop validation,local_minor_loop_dense,session_20260618_161152,3,3,3,12,unloading,unloading_d_315,return_unloading,3.15,7.1186,3.15,d320_F490,apmd_path_memory_mlp,APMD path memory,7.416753452876846,3.1074443015839535,0.29815345287684636,-0.04255569841604645
6.1 local held-out dense-loop validation,local_minor_loop_dense,session_20260618_161152,3,3,3,13,unloading,unloading_d_305,return_unloading,3.05,6.0483,3.01,d300_F490,apmd_path_memory_mlp,APMD path memory,6.293503971052885,2.985925153888253,0.24520397105288438,-0.024074846111746595
6.1 local held-out dense-loop validation,local_minor_loop_dense,session_20260615_160438,1,1,1,1,loading,loading_d_305,direct_loading,3.05,6.3147,3.04,d300_F490,apmd_local_identifiability_mlp,APMD local identifiability,6.465300322715283,3.041308937991895,0.1506003227152828,0.0013089379918951316
6.1 local held-out dense-loop validation,local_minor_loop_dense,session_20260615_160438,1,1,1,2,loading,loading_d_315,direct_loading,3.15,7.1022,3.14,d320_F490,apmd_local_identifiability_mlp,APMD local identifiability,7.142900043807522,3.1989263383010638,0.040700043807522235,0.05892633830106364
6.1 local held-out dense-loop validation,local_minor_loop_dense,session_20260615_160438,1,1,1,3,loading,loading_d_325,direct_loading,3.25,7.8692,3.24,d320_F490,apmd_local_identifiability_mlp,APMD local identifiability,7.821878268641458,3.234974694402006,-0.047321731358541896,-0.005025305597994301
6.1 local held-out dense-loop validation,local_minor_loop_dense,session_20260615_160438,1,1,1,4,loading,loading_d_335,direct_loading,3.35,8.7059,3.35,d340_F490,apmd_local_identifiability_mlp,APMD local identifiability,8.604256395107463,3.3641905676567716,-0.1016436048925371,0.014190567656771513
6.1 local held-out dense-loop validation,local_minor_loop_dense,session_20260615_160438,1,1,1,5,loading,loading_d_345,direct_loading,3.45,9.6121,3.44,d340_F490,apmd_local_identifiability_mlp,APMD local identifiability,9.452143869611191,3.395612983745978,-0.1599561303888084,-0.04438701625402208
6.1 local held-out dense-loop validation,local_minor_loop_dense,session_20260615_160438,1,1,1,6,loading,loading_d_355,direct_loading,3.55,10.6078,3.54,d360_F490,apmd_local_identifiability_mlp,APMD local identifiability,10.131830139435312,3.5293147527964677,-0.47596986056468715,-0.010685247203532366
6.1 local held-out dense-loop validation,local_minor_loop_dense,session_20260615_160438,1,1,1,7,preload,preload_d_380,preload_deep,3.8,13.2145,3.79,d360_F490,apmd_local_identifiability_mlp,APMD local identifiability,13.041345093670596,3.757366469737086,-0.1731549063294029,-0.03263353026291416
6.1 local held-out dense-loop validation,local_minor_loop_dense,session_20260615_160438,1,1,1,8,unloading,unloading_d_355,return_unloading,3.55,8.5755,3.54,d360_F490,apmd_local_identifiability_mlp,APMD local identifiability,8.085561443669327,3.5433359186787747,-0.4899385563306726,0.0033359186787746964
6.1 local held-out dense-loop validation,local_minor_loop_dense,session_20260615_160438,1,1,1,9,unloading,unloading_d_345,return_unloading,3.45,7.0798,3.42,d340_F490,apmd_local_identifiability_mlp,APMD local identifiability,6.746744871719788,3.446245936893043,-0.3330551282802112,0.026245936893042998
6.1 local held-out dense-loop validation,local_minor_loop_dense,session_20260615_160438,1,1,1,10,unloading,unloading_d_335,return_unloading,3.35,6.3714,3.35,d340_F490,apmd_local_identifiability_mlp,APMD local identifiability,6.07233483618162,3.4339186446401513,-0.2990651638183808,0.0839186446401512
6.1 local held-out dense-loop validation,local_minor_loop_dense,session_20260615_160438,1,1,1,11,unloading,unloading_d_325,return_unloading,3.25,5.4069,3.22,d320_F490,apmd_local_identifiability_mlp,APMD local identifiability,5.087847566831677,3.2949267383129577,-0.31905243316832355,0.07492673831295749
6.1 local held-out dense-loop validation,local_minor_loop_dense,session_20260615_160438,1,1,1,12,unloading,unloading_d_315,return_unloading,3.15,4.8843,3.14,d320_F490,apmd_local_identifiability_mlp,APMD local identifiability,4.679049763899277,3.275253691511918,-0.20525023610072246,0.13525369151191802
6.1 local held-out dense-loop validation,local_minor_loop_dense,session_20260615_160438,1,1,1,13,unloading,unloading_d_305,return_unloading,3.05,4.1544,3.02,d300_F430,apmd_local_identifiability_mlp,APMD local identifiability,4.3928608255082455,3.0929415772474966,0.23846082550824566,0.07294157724749661
6.1 local held-out dense-loop validation,local_minor_loop_dense,session_20260615_160438,2,2,2,1,loading,loading_d_305,direct_loading,3.05,7.3673,3.04,d300_F490,apmd_local_identifiability_mlp,APMD local identifiability,7.528934924133882,3.004800447300431,0.1616349241338817,-0.0351995526995692
6.1 local held-out dense-loop validation,local_minor_loop_dense,session_20260615_160438,2,2,2,2,loading,loading_d_315,direct_loading,3.15,8.34,3.15,d320_F490,apmd_local_identifiability_mlp,APMD local identifiability,8.386564650229863,3.1502909207235654,0.04656465022986289,0.00029092072356551313
6.1 local held-out dense-loop validation,local_minor_loop_dense,session_20260615_160438,2,2,2,3,loading,loading_d_325,direct_loading,3.25,9.2605,3.24,d320_F490,apmd_local_identifiability_mlp,APMD local identifiability,9.127852539166863,3.1975523685507463,-0.1326474608331374,-0.0424476314492539
6.1 local held-out dense-loop validation,local_minor_loop_dense,session_20260615_160438,2,2,2,4,loading,loading_d_335,direct_loading,3.35,10.2593,3.34,d340_F490,apmd_local_identifiability_mlp,APMD local identifiability,10.152442452769854,3.342197946467011,-0.1068575472301454,0.0021979464670112137
6.1 local held-out dense-loop validation,local_minor_loop_dense,session_20260615_160438,2,2,2,5,loading,loading_d_345,direct_loading,3.45,11.3413,3.44,d340_F490,apmd_local_identifiability_mlp,APMD local identifiability,11.192992240522063,3.3774506666600868,-0.1483077594779374,-0.0625493333399132
6.1 local held-out dense-loop validation,local_minor_loop_dense,session_20260615_160438,2,2,2,6,loading,loading_d_355,direct_loading,3.55,12.528,3.54,d360_F490,apmd_local_identifiability_mlp,APMD local identifiability,12.285527061714664,3.525588723675697,-0.24247293828533678,-0.014411276324302946
6.1 local held-out dense-loop validation,local_minor_loop_dense,session_20260615_160438,2,2,2,7,preload,preload_d_380,preload_deep,3.8,15.6268,3.78,d360_F490,apmd_local_identifiability_mlp,APMD local identifiability,15.61392707129205,3.7452637458112292,-0.012872928707949427,-0.03473625418877058
6.1 local held-out dense-loop validation,local_minor_loop_dense,session_20260615_160438,2,2,2,8,unloading,unloading_d_355,return_unloading,3.55,10.2663,3.54,d360_F490,apmd_local_identifiability_mlp,APMD local identifiability,10.020643676959994,3.548942754185712,-0.24565632304000573,0.008942754185711888
6.1 local held-out dense-loop validation,local_minor_loop_dense,session_20260615_160438,2,2,2,9,unloading,unloading_d_345,return_unloading,3.45,8.5005,3.42,d340_F490,apmd_local_identifiability_mlp,APMD local identifiability,8.193703622579159,3.401606511395811,-0.30679637742084154,-0.018393488604188768
6.1 local held-out dense-loop validation,local_minor_loop_dense,session_20260615_160438,2,2,2,10,unloading,unloading_d_335,return_unloading,3.35,7.6266,3.34,d340_F490,apmd_local_identifiability_mlp,APMD local identifiability,7.443504670038836,3.388577490424696,-0.18309532996116396,0.04857749042469628
6.1 local held-out dense-loop validation,local_minor_loop_dense,session_20260615_160438,2,2,2,11,unloading,unloading_d_325,return_unloading,3.25,6.4625,3.23,d320_F490,apmd_local_identifiability_mlp,APMD local identifiability,6.244450365897298,3.2924603530759438,-0.2180496341027025,0.062460353075943775
6.1 local held-out dense-loop validation,local_minor_loop_dense,session_20260615_160438,2,2,2,12,unloading,unloading_d_315,return_unloading,3.15,5.5017,3.11,d320_F490,apmd_local_identifiability_mlp,APMD local identifiability,5.180490678085374,3.228774575108757,-0.32120932191462526,0.11877457510875722
6.1 local held-out dense-loop validation,local_minor_loop_dense,session_20260615_160438,2,2,2,13,unloading,unloading_d_305,return_unloading,3.05,4.9789,3.02,d300_F490,apmd_local_identifiability_mlp,APMD local identifiability,4.926442544766736,3.128845810905935,-0.05245745523326395,0.10884581090593493
6.1 local held-out dense-loop validation,local_minor_loop_dense,session_20260615_160438,3,3,3,1,loading,loading_d_305,direct_loading,3.05,7.7112,3.05,d300_F490,apmd_local_identifiability_mlp,APMD local identifiability,7.739899286130399,2.9994695313742628,0.02869928613039896,-0.05053046862573707
6.1 local held-out dense-loop validation,local_minor_loop_dense,session_20260615_160438,3,3,3,2,loading,loading_d_315,direct_loading,3.15,8.7281,3.15,d320_F490,apmd_local_identifiability_mlp,APMD local identifiability,8.73518311539429,3.141180646712673,0.007083115394291184,-0.008819353287326859
6.1 local held-out dense-loop validation,local_minor_loop_dense,session_20260615_160438,3,3,3,3,loading,loading_d_325,direct_loading,3.25,9.6944,3.24,d320_F490,apmd_local_identifiability_mlp,APMD local identifiability,9.580923085523933,3.1935746525761095,-0.11347691447606678,-0.046425347423890706
6.1 local held-out dense-loop validation,local_minor_loop_dense,session_20260615_160438,3,3,3,4,loading,loading_d_335,direct_loading,3.35,10.7525,3.34,d340_F490,apmd_local_identifiability_mlp,APMD local identifiability,10.643612593707925,3.3413846388950916,-0.10888740629207483,0.001384638895091772
6.1 local held-out dense-loop validation,local_minor_loop_dense,session_20260615_160438,3,3,3,5,loading,loading_d_345,direct_loading,3.45,11.8863,3.44,d340_F490,apmd_local_identifiability_mlp,APMD local identifiability,11.759355420272104,3.375963490542116,-0.12694457972789586,-0.06403650945788408
6.1 local held-out dense-loop validation,local_minor_loop_dense,session_20260615_160438,3,3,3,6,loading,loading_d_355,direct_loading,3.55,13.1306,3.55,d360_F490,apmd_local_identifiability_mlp,APMD local identifiability,12.909087581063236,3.5209450022246696,-0.2215124189367632,-0.02905499777533027
6.1 local held-out dense-loop validation,local_minor_loop_dense,session_20260615_160438,3,3,3,7,preload,preload_d_380,preload_deep,3.8,16.4662,3.78,d360_F490,apmd_local_identifiability_mlp,APMD local identifiability,16.475781152334648,3.7435005659674134,0.009581152334646958,-0.036499434032586375
6.1 local held-out dense-loop validation,local_minor_loop_dense,session_20260615_160438,3,3,3,8,unloading,unloading_d_355,return_unloading,3.55,10.0612,3.5,d340_F490,apmd_local_identifiability_mlp,APMD local identifiability,9.798577396277327,3.4757283579707665,-0.2626226037226722,-0.024271642029233487
6.1 local held-out dense-loop validation,local_minor_loop_dense,session_20260615_160438,3,3,3,9,unloading,unloading_d_345,return_unloading,3.45,8.96305,3.42,d340_F490,apmd_local_identifiability_mlp,APMD local identifiability,8.68639796474071,3.3990133391738593,-0.27665203525929094,-0.020986660826140646
6.1 local held-out dense-loop validation,local_minor_loop_dense,session_20260615_160438,3,3,3,10,unloading,unloading_d_335,return_unloading,3.35,8.0636,3.34,d340_F490,apmd_local_identifiability_mlp,APMD local identifiability,7.940793345269105,3.386846246256896,-0.12280665473089414,0.04684624625689615
6.1 local held-out dense-loop validation,local_minor_loop_dense,session_20260615_160438,3,3,3,11,unloading,unloading_d_325,return_unloading,3.25,6.8147,3.22,d320_F490,apmd_local_identifiability_mlp,APMD local identifiability,6.595725617183694,3.257823986849364,-0.218974382816306,0.037823986849363944
6.1 local held-out dense-loop validation,local_minor_loop_dense,session_20260615_160438,3,3,3,12,unloading,unloading_d_315,return_unloading,3.15,6.1744,3.15,d320_F490,apmd_local_identifiability_mlp,APMD local identifiability,5.938200204214982,3.2275500884227295,-0.23619979578501837,0.07755008842272959
6.1 local held-out dense-loop validation,local_minor_loop_dense,session_20260615_160438,3,3,3,13,unloading,unloading_d_305,return_unloading,3.05,5.2664,3.02,d300_F490,apmd_local_identifiability_mlp,APMD local identifiability,5.055679105590055,3.100981369219118,-0.21072089440994457,0.08098136921911792
6.1 local held-out dense-loop validation,local_minor_loop_dense,session_20260618_161152,1,1,1,1,loading,loading_d_305,direct_loading,3.05,8.0729,3.04,d300_F490,apmd_local_identifiability_mlp,APMD local identifiability,8.107466225575319,2.994945010146955,0.0345662255753183,-0.045054989853045235
6.1 local held-out dense-loop validation,local_minor_loop_dense,session_20260618_161152,1,1,1,2,loading,loading_d_315,direct_loading,3.15,9.0893,3.13,d320_F490,apmd_local_identifiability_mlp,APMD local identifiability,9.107046726290465,3.10078542686423,0.01774672629046492,-0.029214573135770028
6.1 local held-out dense-loop validation,local_minor_loop_dense,session_20260618_161152,1,1,1,3,loading,loading_d_325,direct_loading,3.25,10.073,3.23,d320_F490,apmd_local_identifiability_mlp,APMD local identifiability,10.079292304700793,3.187159420234608,0.0062923047007927835,-0.04284057976539213
6.1 local held-out dense-loop validation,local_minor_loop_dense,session_20260618_161152,1,1,1,4,loading,loading_d_335,direct_loading,3.35,11.1511,3.33,d340_F490,apmd_local_identifiability_mlp,APMD local identifiability,11.077831845410774,3.3128245902619464,-0.07326815458922553,-0.01717540973805365
6.1 local held-out dense-loop validation,local_minor_loop_dense,session_20260618_161152,1,1,1,5,loading,loading_d_345,direct_loading,3.45,12.327,3.43,d340_F490,apmd_local_identifiability_mlp,APMD local identifiability,12.304980252306777,3.383052726967707,-0.022019747693223124,-0.04694727303229307
6.1 local held-out dense-loop validation,local_minor_loop_dense,session_20260618_161152,1,1,1,6,loading,loading_d_355,direct_loading,3.55,13.609,3.54,d360_F490,apmd_local_identifiability_mlp,APMD local identifiability,13.572116249375075,3.540715556083942,-0.03688375062492533,0.0007155560839420261
6.1 local held-out dense-loop validation,local_minor_loop_dense,session_20260618_161152,1,1,1,7,preload,preload_d_380,preload_deep,3.8,17.0618,3.79,d360_F490,apmd_local_identifiability_mlp,APMD local identifiability,17.095519338556556,3.764468276382023,0.033719338556554845,-0.025531723617977065
6.1 local held-out dense-loop validation,local_minor_loop_dense,session_20260618_161152,1,1,1,8,unloading,unloading_d_355,return_unloading,3.55,11.2848,3.56,d360_F490,apmd_local_identifiability_mlp,APMD local identifiability,11.283808073632109,3.5335447996466014,-0.0009919263678916934,-0.026455200353398656
6.1 local held-out dense-loop validation,local_minor_loop_dense,session_20260618_161152,1,1,1,9,unloading,unloading_d_345,return_unloading,3.45,9.3161,3.41,d340_F490,apmd_local_identifiability_mlp,APMD local identifiability,9.411081503975733,3.3678040237693807,0.0949815039757329,-0.042195976230619436
6.1 local held-out dense-loop validation,local_minor_loop_dense,session_20260618_161152,1,1,1,10,unloading,unloading_d_335,return_unloading,3.35,8.3881,3.35,d340_F490,apmd_local_identifiability_mlp,APMD local identifiability,8.495658516431464,3.339863139268889,0.10755851643146386,-0.010136860731110975
6.1 local held-out dense-loop validation,local_minor_loop_dense,session_20260618_161152,1,1,1,11,unloading,unloading_d_325,return_unloading,3.25,7.5869,3.27,d320_F490,apmd_local_identifiability_mlp,APMD local identifiability,7.674405472568371,3.2210775216748395,0.08750547256837127,-0.0489224783251605
6.1 local held-out dense-loop validation,local_minor_loop_dense,session_20260618_161152,1,1,1,12,unloading,unloading_d_315,return_unloading,3.15,6.4348,3.15,d320_F490,apmd_local_identifiability_mlp,APMD local identifiability,6.54534159664775,3.1079308081632187,0.11054159664775032,-0.04206919183678126
6.1 local held-out dense-loop validation,local_minor_loop_dense,session_20260618_161152,1,1,1,13,unloading,unloading_d_305,return_unloading,3.05,5.4865,3.02,d300_F490,apmd_local_identifiability_mlp,APMD local identifiability,5.765560805051633,2.9979885772633903,0.2790608050516328,-0.02201142273660972
6.1 local held-out dense-loop validation,local_minor_loop_dense,session_20260618_161152,2,2,2,1,loading,loading_d_305,direct_loading,3.05,8.1799,3.05,d300_F490,apmd_local_identifiability_mlp,APMD local identifiability,8.221739070894323,2.9952025692782227,0.041839070894322816,-0.05479743072177712
6.1 local held-out dense-loop validation,local_minor_loop_dense,session_20260618_161152,2,2,2,2,loading,loading_d_315,direct_loading,3.15,9.2292,3.14,d320_F490,apmd_local_identifiability_mlp,APMD local identifiability,9.250858301722092,3.0966990246970845,0.021658301722091267,-0.043300975302915656
6.1 local held-out dense-loop validation,local_minor_loop_dense,session_20260618_161152,2,2,2,3,loading,loading_d_325,direct_loading,3.25,10.2405,3.24,d320_F490,apmd_local_identifiability_mlp,APMD local identifiability,10.245512063103073,3.1860284240403645,0.005012063103071895,-0.053971575959635754
6.1 local held-out dense-loop validation,local_minor_loop_dense,session_20260618_161152,2,2,2,4,loading,loading_d_335,direct_loading,3.35,11.3619,3.34,d340_F490,apmd_local_identifiability_mlp,APMD local identifiability,11.289887313404959,3.3052518168034672,-0.07201268659504123,-0.03474818319653261
6.1 local held-out dense-loop validation,local_minor_loop_dense,session_20260618_161152,2,2,2,5,loading,loading_d_345,direct_loading,3.45,12.5758,3.42,d340_F490,apmd_local_identifiability_mlp,APMD local identifiability,12.560646390877908,3.3873390710920375,-0.015153609122091183,-0.03266092890796246
6.1 local held-out dense-loop validation,local_minor_loop_dense,session_20260618_161152,2,2,2,6,loading,loading_d_355,direct_loading,3.55,13.9219,3.55,d360_F490,apmd_local_identifiability_mlp,APMD local identifiability,13.905118123855434,3.5296952192349362,-0.01678187614456661,-0.02030478076506359
6.1 local held-out dense-loop validation,local_minor_loop_dense,session_20260618_161152,2,2,2,7,preload,preload_d_380,preload_deep,3.8,17.5658,3.78,d360_F490,apmd_local_identifiability_mlp,APMD local identifiability,17.5840314406119,3.7565796982610893,0.018231440611899075,-0.02342030173891052
6.1 local held-out dense-loop validation,local_minor_loop_dense,session_20260618_161152,2,2,2,8,unloading,unloading_d_355,return_unloading,3.55,10.7954,3.51,d360_F490,apmd_local_identifiability_mlp,APMD local identifiability,10.859039302432526,3.522690423757647,0.06363930243252547,0.012690423757647284
6.1 local held-out dense-loop validation,local_minor_loop_dense,session_20260618_161152,2,2,2,9,unloading,unloading_d_345,return_unloading,3.45,9.585,3.42,d340_F490,apmd_local_identifiability_mlp,APMD local identifiability,9.675512009699618,3.37204648130138,0.09051200969961748,-0.047953518698619746
6.1 local held-out dense-loop validation,local_minor_loop_dense,session_20260618_161152,2,2,2,10,unloading,unloading_d_335,return_unloading,3.35,8.6365,3.34,d340_F490,apmd_local_identifiability_mlp,APMD local identifiability,8.730272087074253,3.345907937263621,0.09377208707425311,0.005907937263621044
6.1 local held-out dense-loop validation,local_minor_loop_dense,session_20260618_161152,2,2,2,11,unloading,unloading_d_325,return_unloading,3.25,7.3095,3.22,d320_F490,apmd_local_identifiability_mlp,APMD local identifiability,7.383005675369951,3.1815677457903617,0.073505675369951,-0.03843225420963847
6.1 local held-out dense-loop validation,local_minor_loop_dense,session_20260618_161152,2,2,2,12,unloading,unloading_d_315,return_unloading,3.15,6.5977,3.14,d320_F490,apmd_local_identifiability_mlp,APMD local identifiability,6.673934848083849,3.1118730718871888,0.07623484808384973,-0.028126928112811367
6.1 local held-out dense-loop validation,local_minor_loop_dense,session_20260618_161152,2,2,2,13,unloading,unloading_d_305,return_unloading,3.05,5.6329,3.03,d300_F490,apmd_local_identifiability_mlp,APMD local identifiability,5.905761472058963,3.001515135704946,0.2728614720589624,-0.028484864295053924
6.1 local held-out dense-loop validation,local_minor_loop_dense,session_20260618_161152,3,3,3,1,loading,loading_d_305,direct_loading,3.05,8.743,3.03,d300_F490,apmd_local_identifiability_mlp,APMD local identifiability,8.765944671255768,2.999389052952173,0.022944671255768156,-0.03061094704782663
6.1 local held-out dense-loop validation,local_minor_loop_dense,session_20260618_161152,3,3,3,2,loading,loading_d_315,direct_loading,3.15,9.8627,3.13,d320_F490,apmd_local_identifiability_mlp,APMD local identifiability,9.855503259874265,3.102304497596982,-0.007196740125735346,-0.02769550240301788
6.1 local held-out dense-loop validation,local_minor_loop_dense,session_20260618_161152,3,3,3,3,loading,loading_d_325,direct_loading,3.25,10.9614,3.23,d320_F490,apmd_local_identifiability_mlp,APMD local identifiability,10.920077274448357,3.18995685956767,-0.04132272555164285,-0.04004314043233004
6.1 local held-out dense-loop validation,local_minor_loop_dense,session_20260618_161152,3,3,3,4,loading,loading_d_335,direct_loading,3.35,12.1494,3.33,d340_F490,apmd_local_identifiability_mlp,APMD local identifiability,12.035132767678766,3.3137984478946385,-0.11426723232123415,-0.01620155210536156
6.1 local held-out dense-loop validation,local_minor_loop_dense,session_20260618_161152,3,3,3,5,loading,loading_d_345,direct_loading,3.45,13.45,3.44,d340_F490,apmd_local_identifiability_mlp,APMD local identifiability,13.443851237898256,3.405162565319348,-0.006148762101743088,-0.034837434680651924
6.1 local held-out dense-loop validation,local_minor_loop_dense,session_20260618_161152,3,3,3,6,loading,loading_d_355,direct_loading,3.55,14.8825,3.53,d360_F490,apmd_local_identifiability_mlp,APMD local identifiability,14.876412968343626,3.5539411814214903,-0.006087031656374364,0.023941181421490487
6.1 local held-out dense-loop validation,local_minor_loop_dense,session_20260618_161152,3,3,3,7,preload,preload_d_380,preload_deep,3.8,18.7804,3.79,d360_F490,apmd_local_identifiability_mlp,APMD local identifiability,18.76483790338058,3.7658392354724164,-0.015562096619419208,-0.024160764527583645
6.1 local held-out dense-loop validation,local_minor_loop_dense,session_20260618_161152,3,3,3,8,unloading,unloading_d_355,return_unloading,3.55,12.5471,3.55,d360_F490,apmd_local_identifiability_mlp,APMD local identifiability,12.523225798472911,3.5451149880406922,-0.02387420152708941,-0.0048850119593075725
6.1 local held-out dense-loop validation,local_minor_loop_dense,session_20260618_161152,3,3,3,9,unloading,unloading_d_345,return_unloading,3.45,10.3433,3.44,d340_F490,apmd_local_identifiability_mlp,APMD local identifiability,10.418115535877511,3.3931622837625413,0.07481553587751222,-0.04683771623745869
6.1 local held-out dense-loop validation,local_minor_loop_dense,session_20260618_161152,3,3,3,10,unloading,unloading_d_335,return_unloading,3.35,9.277,3.35,d340_F490,apmd_local_identifiability_mlp,APMD local identifiability,9.348932201062247,3.35042835269395,0.07193220106224807,0.00042835269394991826
6.1 local held-out dense-loop validation,local_minor_loop_dense,session_20260618_161152,3,3,3,11,unloading,unloading_d_325,return_unloading,3.25,8.3858,3.27,d320_F490,apmd_local_identifiability_mlp,APMD local identifiability,8.417824633616629,3.2494178690785995,0.03202463361662922,-0.020582130921400488
6.1 local held-out dense-loop validation,local_minor_loop_dense,session_20260618_161152,3,3,3,12,unloading,unloading_d_315,return_unloading,3.15,7.1186,3.15,d320_F490,apmd_local_identifiability_mlp,APMD local identifiability,7.142866020066258,3.131673997856485,0.024266020066257887,-0.018326002143514764
6.1 local held-out dense-loop validation,local_minor_loop_dense,session_20260618_161152,3,3,3,13,unloading,unloading_d_305,return_unloading,3.05,6.0483,3.01,d300_F490,apmd_local_identifiability_mlp,APMD local identifiability,6.157833533602185,3.003797890623206,0.10953353360218454,-0.006202109376793885
